,livestock,fcr,item_name,production,rum_feed_req,pasture_produced,g_rat,eff_yield_tonnes_km2,fp_m2_kg,fp_m2_kg_err,fp_m2_kg_perc,Country_ISO
0,bvmeat,25,Beef and Buffalo Meat,52745.0,1318625.0,49314.30925364363,0.6591799059619158,0.618277758677686,1617.3960424174168,16.520903985466088,0.010214507487463224,ZWE
1,bvmilk,0.7,"Milk, Total",426789.0,298752.3,399029.38159168285,0.14934610903016857,22.081348524203072,45.28708918768766,0.46258531159305044,0.010214507487463224,ZWE
2,sgmeat,15,Sheep and Goat Meat,25535.0,383025.0,23874.128102982086,0.19147398500791565,1.0304629311294766,970.4376254504501,17.00833092082113,0.017526454534289453,ZWE
3,other,15,"Meat, nes",,,,,,,,,ZWE
4,bvmeat,25,Beef and Buffalo Meat,198990.0,4974750.0,175971.61417893664,0.9165571932241298,0.9599598119999999,1041.710275263065,15.463520229364747,0.014844357972239179,ZMB
5,bvmilk,0.7,"Milk, Total",389126.0,272388.2,344113.42448863207,0.05018530862040764,34.28427899999999,29.167887707365825,0.43297856642221305,0.014844357972239179,ZMB
6,sgmeat,15,Sheep and Goat Meat,12034.0,180510.0,10641.953892302747,0.03325749815546262,1.59993302,625.0261651578389,10.103513670404888,0.016164945139302177,ZMB
7,other,15,"Meat, nes",,,,,,,,,ZMB
8,bvmeat,25,Beef and Buffalo Meat,90164.0,2254100.0,88102.09871293833,0.5085793920724293,0.787417050909091,1269.9750390793256,41.107118033487275,0.03236844565330046,YEM
9,bvmilk,0.7,"Milk, Total",327071.0,228949.69999999998,319591.42815468984,0.05165658100402159,28.122037532467534,35.55930109422111,1.1509993049376437,0.03236844565330046,YEM
10,sgmeat,15,Sheep and Goat Meat,129940.0,1949100.0,126968.48749788394,0.43976402692354905,1.3123617515151518,761.9850234475952,12.24957941410487,0.016075879495218614,YEM
11,other,15,"Meat, nes",,,,,,,,,YEM
12,bvmeat,25,Beef and Buffalo Meat,470343.0,11758575.0,454983.145716533,0.9163638630168947,77.33789133956387,12.93027237592174,0.3234430995697915,0.025014407289060275,VNM
13,bvmilk,0.7,"Milk, Total",1076243.0,753370.1,1041096.4459881377,0.058711292407236784,2762.0675478415665,0.3620476265258088,0.009056406787954163,0.025014407289060275,VNM
14,sgmeat,15,Sheep and Goat Meat,21322.0,319830.0,20625.693659665216,0.024924844575868542,128.89648556593977,7.758163425553046,,,VNM
15,other,15,"Meat, nes",,,,,,,,,VNM
16,bvmeat,25,Beef and Buffalo Meat,408573.0,10214325.0,356832.8822857623,0.8593004693975057,2.2816468769230775,438.2799153164986,8.616766272523732,0.01966041785487988,VEN
17,bvmilk,0.7,"Milk, Total",2171587.0,1520110.9,1896585.551038105,0.1278823622614578,81.48738846153847,12.271837628861963,0.24126945563066454,0.01966041785487988,VEN
18,sgmeat,15,Sheep and Goat Meat,10157.0,152355.0,8870.75647528468,0.012817168341036436,3.802744794871795,262.96794918989923,8.475953884317297,0.032231889515160976,VEN
19,other,15,"Meat, nes",,,,,,,,,VEN
20,bvmeat,25,Beef and Buffalo Meat,1743.0,43575.0,0.0,0.9532236788855759,,,,0.025055706857903173,VUT
21,bvmilk,0.7,"Milk, Total",2369.0,1658.3,0.0,0.03627609470329204,,,,0.025055706857903173,VUT
22,sgmeat,15,Sheep and Goat Meat,32.0,480.0,0.0,0.01050022641113199,,,,0.10394545787188972,VUT
23,other,15,"Meat, nes",,,,,,,,,VUT
24,bvmeat,25,Beef and Buffalo Meat,961772.0,24044300.0,710553.4748009497,0.7020583150438094,4.764103133546411,209.90309654686197,4.467426389140325,0.02128328005939135,UZB
25,bvmilk,0.7,"Milk, Total",10930078.0,7651054.6,8075099.818611287,0.22339957914283998,170.1465404838004,5.8772867033121345,0.1250879388959291,0.02128328005939135,UZB
26,sgmeat,15,Sheep and Goat Meat,170196.0,2552940.0,125740.15379655722,0.07454210581335048,7.940171889244017,125.94185792811722,2.1929174012572417,0.01741214110489679,UZB
27,other,15,"Meat, nes",,,,,,,,,UZB
28,bvmeat,25,Beef and Buffalo Meat,506791.0,12669775.0,456871.043546939,0.8697073557818376,4.377631936666667,228.434005980285,1.1046789320617205,0.004835877772756215,URY
29,bvmilk,0.7,"Milk, Total",2205000.0,1543500.0,1987802.9622092745,0.10595241854328638,156.34399773809525,6.396152167447979,0.030931010097728168,0.004835877772756215,URY
30,sgmeat,15,Sheep and Goat Meat,23639.0,354585.0,21310.509852002284,0.02434022567487606,7.296053227777778,137.060403588171,1.7183478928986926,0.01253715769042865,URY
31,other,15,"Meat, nes",,,,,,,,,URY
32,bvmeat,25,Beef and Buffalo Meat,5735.0,143375.0,5735.0,0.3753690856624325,14.876627069133399,67.21953809508598,7.133210780744774,0.1061181165906619,PRI
33,bvmilk,0.7,"Milk, Total",340232.0,238162.4,340232.0,0.6235313152723314,531.3081096119071,1.8821470666624078,0.1997299018608537,0.1061181165906619,PRI
34,sgmeat,15,Sheep and Goat Meat,28.0,420.0,28.0,0.0010995990652360708,24.794378448555666,40.331722857051595,6.935500926268829,0.17196143469621772,PRI
35,other,15,"Meat, nes",,,,,,,,,PRI
36,bvmeat,25,Beef and Buffalo Meat,12357232.0,308930800.0,11161784.842154432,0.810977266823037,5.609152058016125,178.28006615917724,0.8151065350115105,0.004572056498362207,USA
37,bvmilk,0.7,"Milk, Total",101276991.0,70893893.69999999,91479384.94662969,0.18610425424486293,200.32685921486163,4.991841852456963,0.022822982980322294,0.004572056498362207,USA
38,sgmeat,15,Sheep and Goat Meat,74117.0,1111755.0,66946.87023323347,0.0029184789321001514,9.34858676336021,106.96803969550633,0.6831693907760735,0.00638666832374206,USA
39,other,15,"Meat, nes",,,,,,,,,USA
40,bvmeat,25,Beef and Buffalo Meat,932000.0,23300000.0,743379.163901156,0.6031487991385068,10.969471511437378,91.16209463303174,1.248347741553511,0.013693714987338429,GBR
41,bvmilk,0.7,"Milk, Total",15558000.0,10890600.0,12409327.287525952,0.28191640823595804,391.76683969419213,2.5525386497248888,0.034953736763498305,0.013693714987338429,GBR
42,sgmeat,15,Sheep and Goat Meat,296000.0,4440000.0,236094.6700801955,0.1149347926255352,18.2824525190623,54.697256779819035,0.8383822702409022,0.015327684048502953,GBR
43,other,15,"Meat, nes",,,,,,,,,GBR
44,bvmeat,25,Beef and Buffalo Meat,18086.0,452150.0,2334.037791437307,0.29275816718560044,2.657526533333333,376.2897519392595,19.258936569394976,0.05118113493695078,ARE
45,bvmilk,0.7,"Milk, Total",164934.0,115453.79999999999,21285.09283937415,0.07475404817563391,94.9116619047619,10.536113054299266,0.5392502239430593,0.05118113493695078,ARE
46,sgmeat,15,Sheep and Goat Meat,65123.0,976845.0,8404.265348433693,0.6324877846387656,4.429210888888889,225.77385116355563,13.433587436005164,0.05950019174839504,ARE
47,other,15,"Meat, nes",,,,,,,,,ARE
48,bvmeat,25,Beef and Buffalo Meat,345400.0,8635000.0,0.0,0.5646663894406456,,,,0.0045721801986330236,UKR
49,bvmilk,0.7,"Milk, Total",9263879.0,6484715.3,0.0,0.4240533613203837,,,,0.0045721801986330236,UKR
50,sgmeat,15,Sheep and Goat Meat,11500.0,172500.0,0.0,0.011280249238970627,,,,0.01981091234172393,UKR
51,other,15,"Meat, nes",,,,,,,,,UKR
52,bvmeat,25,Beef and Buffalo Meat,163889.0,4097225.0,163889.0,0.6814233538450956,4.525113979303858,220.9889086934866,4.830724973344654,0.02185958110705415,UGA
53,bvmilk,0.7,"Milk, Total",1766386.0,1236470.2,1766386.0,0.20564154290123585,161.61121354656632,6.187689443417627,0.13526029925365035,0.02185958110705415,UGA
54,sgmeat,15,Sheep and Goat Meat,45270.0,679050.0,45270.0,0.11293510325366855,7.541856632173095,132.593345216092,5.200464155616255,0.039221155082412903,UGA
55,other,15,"Meat, nes",,,,,,,,,UGA
56,bvmeat,25,Beef and Buffalo Meat,144416.0,3610400.0,93496.49568990173,0.522278519023305,0.562273209372448,1778.4948372626502,42.558106461449206,0.023929283104893364,TKM
57,bvmilk,0.7,"Milk, Total",1792931.0,1255051.7,1160763.1115235928,0.18155510280680293,20.081186049016,49.79785544335421,1.191626980920578,0.023929283104893364,TKM
58,sgmeat,15,Sheep and Goat Meat,136489.0,2047335.0,88364.46931239612,0.29616637816989205,0.9371220156207467,1067.09690235759,9.04720685117761,0.008478336720113392,TKM
59,other,15,"Meat, nes",,,,,,,,,TKM
60,bvmeat,25,Beef and Buffalo Meat,962010.0,24050250.0,508502.3132448744,0.5867483012355543,5.929019040842857,168.6619646709453,1.5775884391115724,0.009353551894106076,TUR
61,bvmilk,0.7,"Milk, Total",21839351.0,15287545.7,11543913.788075758,0.3729666622815107,211.75068003010202,4.722535010786469,0.04417247629512403,0.009353551894106076,TUR
62,sgmeat,15,Sheep and Goat Meat,110083.0,1651245.0,58188.02314834098,0.04028503648293481,9.88169840140476,101.1971788025672,1.3020661181290867,0.012866624678039498,TUR
63,other,15,"Meat, nes",,,,,,,,,TUR
64,bvmeat,25,Beef and Buffalo Meat,41600.0,1040000.0,8773.195426736258,0.34460081921555136,0.5359791410526316,1865.744248994576,68.8123007842108,0.03688195786817663,TUN
65,bvmilk,0.7,"Milk, Total",1437121.0,1005984.7,303080.36982852494,0.33332995359452944,19.14211218045113,52.24083897184813,1.9267444219579022,0.03688195786817663,TUN
66,sgmeat,15,Sheep and Goat Meat,64800.0,972000.0,13665.939030108402,0.32206922718991915,0.8932985684210526,1119.4465493967457,22.54419271787599,0.02013869508108694,TUN
67,other,15,"Meat, nes",,,,,,,,,TUN
68,bvmeat,25,Beef and Buffalo Meat,1101.0,27525.0,1101.0,0.8964688409903661,17.54502857142857,56.99620242445561,4.420766731128037,0.07756247860526229,TTO
69,bvmilk,0.7,"Milk, Total",2184.0,1528.8,2184.0,0.04979188243800441,626.6081632653062,1.5958936678847566,0.123781468471585,0.07756247860526229,TTO
70,sgmeat,15,Sheep and Goat Meat,110.0,1650.0,110.0,0.05373927657162957,29.241714285714284,34.197721454673356,2.7200686802855403,0.0795394711864297,TTO
71,other,15,"Meat, nes",,,,,,,,,TTO
72,bvmeat,25,Beef and Buffalo Meat,6447.0,161175.0,0.0,0.4246653989720555,,,,0.04369487219586195,TGO
73,bvmilk,0.7,"Milk, Total",11513.0,8059.099999999999,0.0,0.021234192131879586,,,,0.04369487219586195,TGO
74,sgmeat,15,Sheep and Goat Meat,14020.0,210300.0,0.0,0.5541004088960649,,,,0.023851384510487232,TGO
75,other,15,"Meat, nes",,,,,,,,,TGO
76,bvmeat,25,Beef and Buffalo Meat,2072.0,51800.0,2072.0,0.22336472657009662,6.184205333333334,161.70226344360276,7.75753815940333,0.047974208858918926,TLS
77,bvmilk,0.7,"Milk, Total",6111.0,4277.7,6111.0,0.018445700595538655,220.86447619047618,4.527663376420878,0.21721106846329327,0.047974208858918926,TLS
78,sgmeat,15,Sheep and Goat Meat,500.0,7500.0,500.0,0.03234045268872055,10.307008888888891,97.02135806616164,16.760883757267784,0.1727545778717925,TLS
79,other,15,"Meat, nes",11222.0,168330.0,11222.0,0.7258491201456441,10.30700888888889,97.02135806616165,,,TLS
80,bvmeat,25,Beef and Buffalo Meat,132043.0,3301075.0,0.0,0.7913950628234973,,,,0.012424012864143805,THA
81,bvmilk,0.7,"Milk, Total",1200000.0,840000.0,0.0,0.20138041479570676,,,,0.012424012864143805,THA
82,sgmeat,15,Sheep and Goat Meat,2009.0,30135.0,0.0,0.00722452238079598,,,,0.07202786992303717,THA
83,other,15,"Meat, nes",,,,,,,,,THA
84,bvmeat,25,Beef and Buffalo Meat,486736.0,12168400.0,406085.2617722085,0.7847738093162809,2.1560631916666666,463.8082983212501,5.56473591104008,0.01199792226913919,TZA
85,bvmilk,0.7,"Milk, Total",3221249.0,2254874.3,2687497.4183098534,0.14542308717172203,77.0022568452381,12.986632352995002,0.1558126055091222,0.01199792226913919,TZA
86,sgmeat,15,Sheep and Goat Meat,72156.0,1082340.0,60199.960858525934,0.06980310351199694,3.5934386527777784,278.28497899275,11.958671846729088,0.04297275364992172,TZA
87,other,15,"Meat, nes",,,,,,,,,TZA
88,bvmeat,25,Beef and Buffalo Meat,166323.0,4158075.0,122281.13862986265,0.719911551163778,4.3833749883870965,228.13471415274904,7.758205453676505,0.03400712374041396,TJK
89,bvmilk,0.7,"Milk, Total",1031941.0,722358.7,758685.9332674319,0.12506613570309583,156.54910672811056,6.3877719962769755,0.2172297527029422,0.03400712374041396,TJK
90,sgmeat,15,Sheep and Goat Meat,59692.0,895380.0,43885.72673108205,0.15502231313312614,7.3056249806451605,136.88082849164945,3.92551905125082,0.028678370042816478,TJK
91,other,15,"Meat, nes",,,,,,,,,TJK
92,bvmeat,25,Beef and Buffalo Meat,166323.0,4158075.0,166323.0,0.719911551163778,5.962130270967742,167.72528518362705,13.63217841116579,0.08127682356444449,TWN
93,bvmilk,0.7,"Milk, Total",1031941.0,722358.7,1031941.0,0.12506613570309583,212.93322396313363,4.696307985141557,0.3817009955126421,0.08127682356444449,TWN
94,sgmeat,15,Sheep and Goat Meat,59692.0,895380.0,59692.0,0.15502231313312614,9.936883784946238,100.6351711101762,22.719760205545263,0.22576361678434953,TWN
95,other,15,"Meat, nes",,,,,,,,,TWN
96,bvmeat,25,Beef and Buffalo Meat,64989.0,1624725.0,18342.927586576545,0.2933528622047276,0.7637765420968179,1309.2834682440903,35.72730999149774,0.02728768128372723,SYR
97,bvmilk,0.7,"Milk, Total",2153745.0,1507621.5,607887.312852195,0.2722091936459307,27.277733646314925,36.65993711083452,1.0003646797619363,0.02728768128372723,SYR
98,sgmeat,15,Sheep and Goat Meat,160408.0,2406120.0,45274.6207559367,0.4344379441493417,1.2729609034946965,785.570080946454,11.193694152306229,0.014249135021563037,SYR
99,other,15,"Meat, nes",,,,,,,,,SYR
100,bvmeat,25,Beef and Buffalo Meat,143663.0,3591575.0,115270.0305932628,0.5671694469206651,18.863691714069375,53.01189264316464,2.0394182342224907,0.03847095684642479,CHE
101,bvmilk,0.7,"Milk, Total",3794600.0,2656220.0,3044650.731846022,0.4194613305582116,673.7032755024778,1.4843329940086094,0.05710371055822972,0.03847095684642479,CHE
102,sgmeat,15,Sheep and Goat Meat,5644.0,84660.0,4528.542858414312,0.013369222521123323,31.439486190115634,31.807135585898774,0.7054444808878783,0.022178812014767738,CHE
103,other,15,"Meat, nes",,,,,,,,,CHE
104,bvmeat,25,Beef and Buffalo Meat,142520.0,3563000.0,116358.65902851163,0.638156721117453,39.337149119779085,25.42126265823343,0.48148355352843486,0.018940190343869175,SWE
105,bvmilk,0.7,"Milk, Total",2772740.0,1940917.9999999998,2263768.651660927,0.34763117228118007,1404.8981828492533,0.7117953544305358,0.01348153949879617,0.018940190343869175,SWE
106,sgmeat,15,Sheep and Goat Meat,5290.0,79350.0,4318.953874970716,0.014212106601366799,65.5619151996318,15.25275759494006,0.2716425695718042,0.017809407110876706,SWE
107,other,15,"Meat, nes",,,,,,,,,SWE
108,bvmeat,25,Beef and Buffalo Meat,16619.0,415475.0,10940.994800516854,0.8682697988397713,1.2600915999999998,793.593100692045,19.197080052224155,0.024190079318335216,SWZ
109,bvmilk,0.7,"Milk, Total",40163.0,28114.1,26441.01174397728,0.05875353258694558,45.003271428571416,22.220606819377263,0.5375182414622763,0.024190079318335216,SWZ
110,sgmeat,15,Sheep and Goat Meat,2328.0,34920.0,1532.621451086301,0.07297666857328315,2.100152666666666,476.15586041522715,16.476476924627782,0.03460311695052882,SWZ
111,other,15,"Meat, nes",,,,,,,,,SWZ
112,bvmeat,25,Beef and Buffalo Meat,1724.0,43100.0,392.37720438253336,0.9382435471266019,2.6137749999999995,382.5884018325985,16.683599783341226,0.04360717602370271,SUR
113,bvmilk,0.7,"Milk, Total",3667.0,2566.8999999999996,834.5981487649361,0.055878825083973876,93.34910714285714,10.712475251312759,0.4671407939335544,0.04360717602370271,SUR
114,sgmeat,15,Sheep and Goat Meat,18.0,270.0,4.096745753413922,0.005877627789424188,4.3562916666666665,229.55304109955907,19.887425334145878,0.08663542525459524,SUR
115,other,15,"Meat, nes",,,,,,,,,SUR
116,bvmeat,25,Beef and Buffalo Meat,144733.0,3618325.0,136581.03604747134,0.5668346600323622,0.9349083335273347,1069.623581412607,10.423794265122126,0.009745292125437116,SSD
117,bvmilk,0.7,"Milk, Total",3057310.0,2140117.0,2885109.5971084316,0.33526355209232966,33.38958334026196,29.949460279553,0.29186623942341955,0.009745292125437116,SSD
118,sgmeat,15,Sheep and Goat Meat,41663.0,624945.0,39316.366722487604,0.0979017878753082,1.558180555878891,641.7741488475643,8.793590714233359,0.013702002067275591,SSD
119,other,15,"Meat, nes",,,,,,,,,SSD
120,bvmeat,25,Beef and Buffalo Meat,389367.0,9734175.0,363356.42955920845,0.517829739993446,0.7672610553939686,1303.3373621270612,14.08189633453796,0.010804490643586054,SDN
121,bvmilk,0.7,"Milk, Total",4655239.0,3258667.3,4344258.814395621,0.17335160305666833,27.402180549784593,36.49344613955771,0.3942930973670629,0.010804490643586054,SDN
122,sgmeat,15,Sheep and Goat Meat,387012.0,5805180.0,361158.7487295235,0.30881865694988564,1.2787684256566143,782.0024172762368,11.022913133455315,0.014095753273818271,SDN
123,other,15,"Meat, nes",,,,,,,,,SDN
124,bvmeat,25,Beef and Buffalo Meat,26122.0,653050.0,26122.0,0.6399681549572568,9.276739999999998,107.79648885276511,2.729676486899345,0.025322499053078623,LKA
125,bvmilk,0.7,"Milk, Total",507552.0,355286.39999999997,507552.0,0.34816933142853673,331.3121428571429,3.0183016878774223,0.07643094163318163,0.025322499053078623,LKA
126,sgmeat,15,Sheep and Goat Meat,807.0,12105.0,807.0,0.011862513614206559,15.461233333333332,64.67789331165906,2.658575532041341,0.04110485663518198,LKA
127,other,15,"Meat, nes",,,,,,,,,LKA
128,bvmeat,25,Beef and Buffalo Meat,677740.0,16943500.0,677740.0,0.6803824967562017,10.489581616645657,95.33268690270017,1.7112199116441433,0.017949980927220412,ESP
129,bvmilk,0.7,"Milk, Total",8686220.0,6080354.0,8686220.0,0.2441624478815804,374.62791488020207,2.6693152332756047,0.04791415752603601,0.017949980927220412,ESP
130,sgmeat,15,Sheep and Goat Meat,125270.0,1879050.0,125270.0,0.075455055362218,17.48263602774276,57.199612141620115,0.7810577460068338,0.013654948290086625,ESP
131,other,15,"Meat, nes",,,,,,,,,ESP
132,bvmeat,25,Beef and Buffalo Meat,287000.0,7175000.0,200899.69796105011,0.8474718008630487,423.31728357142845,2.362294285655514,0.04803266365029331,0.020333056699142253,KOR
133,bvmilk,0.7,"Milk, Total",1806012.0,1264208.4,1264206.4993520281,0.1493213894653928,15118.474413265303,0.06614423999835436,0.0013449145822082122,0.020333056699142253,KOR
134,sgmeat,15,Sheep and Goat Meat,1810.0,27150.0,1266.998095155055,0.0032068096715584353,705.5288059523808,1.417376571393308,0.033571850548233424,0.02368590763090691,KOR
135,other,15,"Meat, nes",,,,,,,,,KOR
136,bvmeat,25,Beef and Buffalo Meat,1038688.0,25967200.0,1038688.0,0.8298395409414276,1.4913655800209704,670.5264043883451,4.950091150086568,0.007382395559205526,ZAF
137,bvmilk,0.7,"Milk, Total",3821518.0,2675062.5999999996,3821518.0,0.08548756585128861,53.26305642932038,18.77473932287366,0.13860255220242387,0.007382395559205526,ZAF
138,sgmeat,15,Sheep and Goat Meat,176638.0,2649570.0,176638.0,0.08467289320728374,2.4856093000349504,402.3158426330071,2.4624465421806434,0.006120680026083113,ZAF
139,other,15,"Meat, nes",,,,,,,,,ZAF
140,bvmeat,25,Beef and Buffalo Meat,55000.0,1375000.0,55000.0,0.32529442871898884,0.39320371162790707,2543.21098816664,40.207692863655616,0.015809814069984298,SOM
141,bvmilk,0.7,"Milk, Total",2209207.0,1546444.9,2209207.0,0.36585448021155914,14.04298970099668,71.2099076686659,1.125815400182357,0.015809814069984298,SOM
142,sgmeat,15,Sheep and Goat Meat,87033.0,1305495.0,87033.0,0.3088510910694519,0.6553395193798449,1525.9265928999844,28.065745060991986,0.018392591879307744,SOM
143,other,15,"Meat, nes",,,,,,,,,SOM
144,bvmeat,25,Beef and Buffalo Meat,774.0,19350.0,640.1756671739292,0.8977618588078095,8.913495000000001,112.18943859843976,1.8538195727353484,0.016524011492478667,SLB
145,bvmilk,0.7,"Milk, Total",3148.0,2203.6,2603.7118866453866,0.10223814119219063,318.33910714285713,3.141304280756314,0.05190694803658977,0.016524011492478667,SLB
146,sgmeat,15,Sheep and Goat Meat,,,,,,,,,SLB
147,other,15,"Meat, nes",,,,,,,,,SLB
148,bvmeat,25,Beef and Buffalo Meat,10920.0,273000.0,2370.210616860336,0.2920010952715075,1.5639940655105975,639.3886153740166,13.338270671427384,0.020860976174286484,SVK
149,bvmilk,0.7,"Milk, Total",929540.0,650678.0,201758.75245387878,0.6959658925607105,55.85693091109276,17.902881230472467,0.37347157879996684,0.020860976174286484,SVK
150,sgmeat,15,Sheep and Goat Meat,750.0,11250.0,162.78919071842964,0.012033012167781904,2.606656775850995,383.6331692244101,12.09985865095867,0.0315401785393607,SVK
151,other,15,"Meat, nes",,,,,,,,,SVK
152,bvmeat,25,Beef and Buffalo Meat,36500.0,912500.0,36500.0,0.6602080831174845,14.682530408455943,68.10815112796098,2.9672798493405104,0.043567176618340614,SVN
153,bvmilk,0.7,"Milk, Total",633200.0,443240.0,633200.0,0.32069110220382885,524.3760860162836,1.907028231582908,0.08308383578153432,0.043567176618340614,SVN
154,sgmeat,15,Sheep and Goat Meat,1760.0,26400.0,1760.0,0.019100814678686674,24.470884014093233,40.8648906767766,0.9327473090554225,0.02282515121435282,SVN
155,other,15,"Meat, nes",,,,,,,,,SVN
156,bvmeat,25,Beef and Buffalo Meat,36500.0,912500.0,36500.0,0.6602080831174845,14.682530408455943,68.10815112796098,6.584687185538273,0.09667986983183588,SGP
157,bvmilk,0.7,"Milk, Total",633200.0,443240.0,633200.0,0.32069110220382885,524.3760860162836,1.907028231582908,0.1843712411950717,0.09667986983183588,SGP
158,sgmeat,15,Sheep and Goat Meat,1760.0,26400.0,1760.0,0.019100814678686674,24.470884014093233,40.8648906767766,,,SGP
159,other,15,"Meat, nes",,,,,,,,,SGP
160,bvmeat,25,Beef and Buffalo Meat,9397.0,234925.0,4416.180209419664,0.593933822739354,0.3379761454545455,2958.7886998802705,149.05501413294516,0.050377039137325615,SLE
161,bvmilk,0.7,"Milk, Total",150551.0,105385.7,70752.40467259122,0.2664345287349696,12.070576623376626,82.84608359664759,4.1735403957224655,0.050377039137325615,SLE
162,sgmeat,15,Sheep and Goat Meat,3682.0,55230.0,1730.3794329129723,0.13963164852567636,0.5632935757575759,1775.2732199281625,43.91092126423197,0.024734739853738603,SLE
163,other,15,"Meat, nes",,,,,,,,,SLE
164,bvmeat,25,Beef and Buffalo Meat,66926.0,1673150.0,0.0,0.5118233910585526,,,,0.019660481853412796,SRB
165,bvmilk,0.7,"Milk, Total",1583741.0,1108618.7,0.0,0.33913096998172554,,,,0.019660481853412796,SRB
166,sgmeat,15,Sheep and Goat Meat,32482.0,487230.0,0.0,0.1490456389597218,,,,0.024143691216069393,SRB
167,other,15,"Meat, nes",,,,,,,,,SRB
168,bvmeat,25,Beef and Buffalo Meat,77007.0,1925175.0,50236.25935287055,0.6728480814283969,1.333252014285714,750.0457447542257,11.774585130931067,0.015698489343192464,SEN
169,bvmilk,0.7,"Milk, Total",247154.0,173007.8,161233.2962470862,0.06046617388141223,47.61614336734693,21.001280853118317,0.32968838366606984,0.015698489343192464,SEN
170,sgmeat,15,Sheep and Goat Meat,50870.0,763050.0,33185.535253685055,0.2666857446901909,2.2220866904761905,450.0274468525354,12.021627791126608,0.02671309911252112,SEN
171,other,15,"Meat, nes",,,,,,,,,SEN
172,bvmeat,25,Beef and Buffalo Meat,42000.0,1050000.0,1230.5438095280736,0.19882578038692747,0.0036406209411764404,274678.41781870794,5293.205935309398,0.019270556374046822,SAU
173,bvmilk,0.7,"Milk, Total",2911179.0,2037825.2999999998,85293.64992566971,0.3858782910140234,0.1300221764705872,7690.99569892382,148.2097661886631,0.019270556374046822,SAU
174,sgmeat,15,Sheep and Goat Meat,146212.0,2193180.0,4283.81598758854,0.4152959285990491,0.006067701568627401,164807.05069122472,2212.8688654194893,0.013427027885872576,SAU
175,other,15,"Meat, nes",,,,,,,,,SAU
176,bvmeat,25,Beef and Buffalo Meat,193.0,4825.0,193.0,0.8968568188999796,21.519599999999997,46.46926522797822,6.533918959797894,0.14060732244726676,STP
177,bvmilk,0.7,"Milk, Total",557.0,389.9,557.0,0.07247346604955482,768.5571428571428,1.3011394263833902,0.18294973087434105,0.14060732244726676,STP
178,sgmeat,15,Sheep and Goat Meat,11.0,165.0,11.0,0.030669715050465625,35.866,27.881559136786926,4.308167912323357,0.15451675034338955,STP
179,other,15,"Meat, nes",,,,,,,,,STP
180,bvmeat,25,Beef and Buffalo Meat,196.0,4900.0,0.0,0.7201116907928576,,,,0.36231908171302535,VCT
181,bvmilk,0.7,"Milk, Total",985.0,689.5,0.0,0.10133000220442355,,,,0.36231908171302535,VCT
182,sgmeat,15,Sheep and Goat Meat,81.0,1215.0,0.0,0.1785583070027188,,,,0.1346895153005503,VCT
183,other,15,"Meat, nes",,,,,,,,,VCT
184,bvmeat,25,Beef and Buffalo Meat,417.0,10425.0,417.0,0.7729436362827529,145.8097297297297,6.858252887880543,1.361915565921807,0.19858054058177052,LCA
185,bvmilk,0.7,"Milk, Total",1032.0,722.4,1032.0,0.05356110147248543,5207.490347490348,0.19203108086065512,0.03813363584581058,0.19858054058177052,LCA
186,sgmeat,15,Sheep and Goat Meat,156.0,2340.0,156.0,0.17349526224476178,243.0162162162162,4.114951732728325,1.19233348480897,0.28975637194617115,LCA
187,other,15,"Meat, nes",,,,,,,,,LCA
188,bvmeat,25,Beef and Buffalo Meat,45.0,1125.0,45.0,0.8333333333333334,6.0,166.66666666666666,,,KNA
189,bvmilk,0.7,"Milk, Total",,,,,,,,,KNA
190,sgmeat,15,Sheep and Goat Meat,15.0,225.0,15.0,0.16666666666666666,10.0,100.0,,,KNA
191,other,15,"Meat, nes",,,,,,,,,KNA
192,bvmeat,25,Beef and Buffalo Meat,34776.0,869400.0,25670.25365503031,0.6331440188536219,10.186959497487436,98.16471737682329,2.760945617723246,0.028125641182512137,RWA
193,bvmilk,0.7,"Milk, Total",253439.0,177407.3,187078.54313541597,0.12919757406943885,363.8199820531228,2.7486120865510517,0.07730647729625087,0.028125641182512137,RWA
194,sgmeat,15,Sheep and Goat Meat,21756.0,326340.0,16059.409895296738,0.23765840707693922,16.978265829145727,58.89883042609398,3.2613517927688362,0.05537209769999028,RWA
195,other,15,"Meat, nes",,,,,,,,,RWA
196,bvmeat,25,Beef and Buffalo Meat,1633742.0,40843550.0,1160987.7816144933,0.6130962074116334,2.057149198279234,486.10961267976137,1.9289286999533248,0.003968094128646787,RUS
197,bvmilk,0.7,"Milk, Total",32219165.0,22553415.5,22895938.831725776,0.33854582932259186,73.46961422425836,13.611069155033316,0.05401000359869309,0.003968094128646787,RUS
198,sgmeat,15,Sheep and Goat Meat,214769.0,3221535.0,152621.51849530902,0.048357963265774795,3.4285819971320572,291.6657676078567,2.856304212637487,0.009793073201781344,RUS
199,other,15,"Meat, nes",,,,,,,,,RUS
200,bvmeat,25,Beef and Buffalo Meat,87490.0,2187250.0,0.0,0.3608966108966109,,,,0.007737823137587043,ROU
201,bvmilk,0.7,"Milk, Total",4362500.0,3053750.0,0.0,0.5038692538692539,,,,0.007737823137587043,ROU
202,sgmeat,15,Sheep and Goat Meat,54640.0,819600.0,0.0,0.13523413523413524,,,,0.010335083469282238,ROU
203,other,15,"Meat, nes",,,,,,,,,ROU
204,bvmeat,25,Beef and Buffalo Meat,1512.0,37800.0,0.0,0.24897118257359802,,,,0.13090804851117707,QAT
205,bvmilk,0.7,"Milk, Total",51614.0,36129.799999999996,0.0,0.237970344765809,,,,0.13090804851117707,QAT
206,sgmeat,15,Sheep and Goat Meat,5193.0,77895.0,0.0,0.513058472660593,,,,0.16295702934182069,QAT
207,other,15,"Meat, nes",,,,,,,,,QAT
208,bvmeat,25,Beef and Buffalo Meat,97780.0,2444500.0,84782.18675616111,0.5891661870427304,6.809395586720924,146.85591213853266,5.770238109871916,0.03929183391969071,PRT
209,bvmilk,0.7,"Milk, Total",2099120.0,1469384.0,1820085.7421107888,0.3541466019969709,243.19269952574732,4.111965539878914,0.16156666707641362,0.03929183391969071,PRT
210,sgmeat,15,Sheep and Goat Meat,15680.0,235200.0,13595.670774561324,0.0566872109602987,11.348992644534873,88.1135472831196,1.829394771095934,0.02076178780111831,PRT
211,other,15,"Meat, nes",,,,,,,,,PRT
212,bvmeat,25,Beef and Buffalo Meat,559460.0,13986500.0,559460.0,0.5735825428811031,30.45202497658445,32.83853867744205,0.3686577469643453,0.011226374918369595,POL
213,bvmilk,0.7,"Milk, Total",14830870.0,10381609.0,14830870.0,0.4257469480868942,1087.572320592302,0.9194790829683774,0.010322416915001667,0.011226374918369595,POL
214,sgmeat,15,Sheep and Goat Meat,1090.0,16350.0,1090.0,0.0006705090320027194,50.753374960974085,19.703123206465232,0.40154508486989055,0.020379768256137718,POL
215,other,15,"Meat, nes",,,,,,,,,POL
216,bvmeat,25,Beef and Buffalo Meat,174768.0,4369200.0,174768.0,0.8996879632079267,12.950267733333334,77.21848077519282,1.7890901027233348,0.023169195829324026,PHL
217,bvmilk,0.7,"Milk, Total",17222.0,12055.4,17222.0,0.0024823991283660254,462.50956190476194,2.162117461705399,0.050094522876253385,0.023169195829324026,PHL
218,sgmeat,15,Sheep and Goat Meat,31673.0,475095.0,31673.0,0.0978296376637073,21.583779555555555,46.3310884651157,2.7397767304064033,0.05913473698053257,PHL
219,other,15,"Meat, nes",,,,,,,,,PHL
220,bvmeat,25,Beef and Buffalo Meat,183941.0,4598525.0,183941.0,0.6895181500627745,1.4189758085106383,704.733649440862,12.18433681612159,0.017289279184822072,PER
221,bvmilk,0.7,"Milk, Total",2158459.0,1510921.2999999998,2158459.0,0.22655257058870884,50.67770744680852,19.732542184344137,0.34116143085140455,0.017289279184822072,PER
222,sgmeat,15,Sheep and Goat Meat,37316.0,559740.0,37316.0,0.08392927934851663,2.364959680851064,422.84018966451725,8.62148904730993,0.020389473985787037,PER
223,other,15,"Meat, nes",,,,,,,,,PER
224,bvmeat,25,Beef and Buffalo Meat,515612.0,12890300.0,316990.70479024074,0.9686373860787023,2.730500049227627,366.233284003371,4.016177769329015,0.010966173596859774,PRY
225,bvmilk,0.7,"Milk, Total",541033.0,378723.1,332619.1632172609,0.028459023733475787,97.5178589009867,10.254531952094387,0.11245297754121239,0.010966173596859774,PRY
226,sgmeat,15,Sheep and Goat Meat,2576.0,38640.0,1583.6870661265839,0.0029035901878219326,4.550833415379378,219.7399704020226,2.5763195389062767,0.011724401046349477,PRY
227,other,15,"Meat, nes",,,,,,,,,PRY
228,bvmeat,25,Beef and Buffalo Meat,3128.0,78200.0,3128.0,0.012604745109487846,130.61079578947368,7.65633494502139,0.20772892782304647,0.02713164057146224,PNG
229,bvmilk,0.7,"Milk, Total",204.0,142.79999999999998,204.0,2.3017360634716934e-05,4664.671278195489,0.2143773784605989,0.0058164099790453,0.02713164057146224,PNG
230,sgmeat,15,Sheep and Goat Meat,43.0,645.0,43.0,0.00010396496925344836,217.68465964912278,4.593800967012835,0.029872169417481085,0.006502713032625304,PNG
231,other,15,"Meat, nes",408335.0,6125025.0,408335.0,0.987268272560624,217.6846596491228,4.593800967012834,,,PNG
232,bvmeat,25,Beef and Buffalo Meat,71213.0,1780325.0,71213.0,0.9224643894004149,5.115880980781975,195.46975462418743,7.637945154083141,0.03907481834602979,PAN
233,bvmilk,0.7,"Milk, Total",213773.0,149641.09999999998,213773.0,0.07753561059958512,182.71003502792772,5.4731531294772475,0.21386246431432793,0.03907481834602979,PAN
234,sgmeat,15,Sheep and Goat Meat,,,,,,,,0.041349324490082114,PAN
235,other,15,"Meat, nes",,,,,,,,,PAN
236,bvmeat,25,Beef and Buffalo Meat,2297000.0,57425000.0,2111095.8693744605,0.5164861850625989,81.74839639200002,12.232655857917978,0.1483658886822968,0.01212867347905175,PAK
237,bvmilk,0.7,"Milk, Total",60770000.0,42539000.0,55851674.34997212,0.3826000143905598,2919.5855854285714,0.3425143640217035,0.0041542448831043115,0.01212867347905175,PAK
238,sgmeat,15,Sheep and Goat Meat,748000.0,11220000.0,687461.780710534,0.10091380054684128,136.24732732,7.339593514750788,0.08674554158869124,0.011818848198385091,PAK
239,other,15,"Meat, nes",,,,,,,,,PAK
240,bvmeat,25,Beef and Buffalo Meat,15333.0,383325.0,7884.638802158419,0.2851445863255569,2.0467336195410812,488.58336544265103,31.581429775946567,0.0646387740756056,OMN
241,bvmilk,0.7,"Milk, Total",308940.0,216258.0,158865.21303977186,0.16086818743779374,73.09762926932432,13.68033423239423,0.884280033726504,0.0646387740756056,OMN
242,sgmeat,15,Sheep and Goat Meat,49649.0,744735.0,25530.844054546622,0.5539872262366493,3.4112226992351355,293.1500192655906,17.02334514419145,0.058070421372780096,OMN
243,other,15,"Meat, nes",,,,,,,,,OMN
244,bvmeat,25,Beef and Buffalo Meat,20926.0,523150.0,20926.0,0.64961955998721,64.4254,15.521828347204675,0.19859667590490546,0.012794670283843896,PRK
245,bvmilk,0.7,"Milk, Total",84175.0,58922.49999999999,84175.0,0.07316679446305338,2300.9071428571433,0.4346111937217308,0.005560706925337351,0.012794670283843896,PRK
246,sgmeat,15,Sheep and Goat Meat,14883.0,223245.0,14883.0,0.2772136455497366,107.37566666666666,9.313097008322806,0.12144153622969037,0.013039865913687153,PRK
247,other,15,"Meat, nes",,,,,,,,,PRK
248,bvmeat,25,Beef and Buffalo Meat,326398.0,8159950.0,0.0,0.5549677086047475,,,,0.006467427227523033,NGA
249,bvmilk,0.7,"Milk, Total",524733.0,367313.1,0.0,0.024981391975135443,,,,0.006467427227523033,NGA
250,sgmeat,15,Sheep and Goat Meat,411747.0,6176205.0,0.0,0.4200508994201171,,,,0.01229285846293277,NGA
251,other,15,"Meat, nes",,,,,,,,,NGA
252,bvmeat,25,Beef and Buffalo Meat,68758.0,1718950.0,40192.65485967815,0.48195560675630017,0.28974682648877775,3451.2888790474162,56.68906726426662,0.01642547733643011,NER
253,bvmilk,0.7,"Milk, Total",1510964.0,1057674.8,883237.6531807024,0.296548648875679,10.348100946027776,96.63608861332767,1.5872938833994654,0.01642547733643011,NER
254,sgmeat,15,Sheep and Goat Meat,52666.0,789990.0,30786.037418770316,0.2214957443680209,0.4829113774812962,2070.77332742845,35.69766515099009,0.017238808650930686,NER
255,other,15,"Meat, nes",,,,,,,,,NER
256,bvmeat,25,Beef and Buffalo Meat,152411.0,3810275.0,143890.60898196645,0.7952951729547189,5.495969040097205,181.95153442536736,3.9896065446752216,0.02192675405170421,NIC
257,bvmilk,0.7,"Milk, Total",1399757.0,979829.8999999999,1321504.9252138652,0.2045138447452493,196.2846085749002,5.094642963910286,0.11170898325090621,0.02192675405170421,NIC
258,sgmeat,15,Sheep and Goat Meat,61.0,915.0,57.58985340887438,0.00019098230003177402,9.15994840016201,109.17092065522041,2.847966526367974,0.026087226426919283,NIC
259,other,15,"Meat, nes",,,,,,,,,NIC
260,bvmeat,25,Beef and Buffalo Meat,701294.0,17532350.0,592719.2224667326,0.44108967151111345,14.066380006280747,71.09149614566735,1.378080906296641,0.019384609707368324,NZL
261,bvmilk,0.7,"Milk, Total",21871305.0,15309913.499999998,18485175.823453162,0.38517624371967024,502.37071451002674,1.9905618920786858,0.03858626537630595,0.019384609707368324,NZL
262,sgmeat,15,Sheep and Goat Meat,460370.0,6905550.0,389095.2274609646,0.1737340847692163,23.44396667713458,42.654897687400414,0.7493276644999546,0.017567212796792013,NZL
263,other,15,"Meat, nes",,,,,,,,,NZL
264,bvmeat,25,Beef and Buffalo Meat,432840.0,10821000.0,322350.23273424123,0.502099621836067,83.11706632487927,12.031223480522096,0.426513771539281,0.03545057343750483,NLD
265,bvmilk,0.7,"Milk, Total",14932000.0,10452400.0,11120353.190989027,0.4849964039626012,2968.466654459974,0.33687425745461874,0.01194238560309987,0.03545057343750483,NLD
266,sgmeat,15,Sheep and Goat Meat,18540.0,278100.0,13807.34986344338,0.012903974201331693,138.5284438747988,7.218734088313258,0.26516130888221456,0.03673238349525805,NLD
267,other,15,"Meat, nes",,,,,,,,,NLD
268,bvmeat,25,Beef and Buffalo Meat,239717.0,5992925.0,154676.05225220672,0.6750291582341876,12.763315813513062,78.34954604361178,1.7251179520815343,0.022018225237977515,NPL
269,bvmilk,0.7,"Milk, Total",2455327.0,1718728.9,1584286.001194133,0.19359363292545315,455.8327076254665,2.19378728922113,0.04830330265828296,0.022018225237977515,NPL
270,sgmeat,15,Sheep and Goat Meat,77758.0,1166370.0,50172.914190595955,0.13137720884035917,21.272193022521773,47.00972762616706,1.3531653878658383,0.028784795322077655,NPL
271,other,15,"Meat, nes",,,,,,,,,NPL
272,bvmeat,25,Beef and Buffalo Meat,31952.0,798800.0,29202.108856346127,0.7679968741719613,0.10006245789473685,9993.758109079976,174.4615801339947,0.0174570545164071,NAM
273,bvmilk,0.7,"Milk, Total",112012.0,78408.4,102371.88962246627,0.07538483488836355,3.5736592105263165,279.8252270542393,4.8849242437518505,0.0174570545164071,NAM
274,sgmeat,15,Sheep and Goat Meat,10860.0,162900.0,9925.353723708029,0.15661829093967514,0.16677076315789474,5996.254865447986,71.05507376976158,0.011849908878823645,NAM
275,other,15,"Meat, nes",,,,,,,,,NAM
276,bvmeat,25,Beef and Buffalo Meat,16184.0,404600.0,11970.224882859604,0.4884194728956768,0.06910726060285872,14470.259583095578,346.8513796896531,0.023969948686673955,MOZ
277,bvmilk,0.7,"Milk, Total",557859.0,390501.3,412611.07778838207,0.4713999978029573,2.468116450102097,405.1672683266762,9.711838631310286,0.023969948686673955,MOZ
278,sgmeat,15,Sheep and Goat Meat,2219.0,33285.0,1641.2462317761654,0.0401805293013658,0.11517876767143118,8682.15574985735,229.5622838996754,0.02644070096340384,MOZ
279,other,15,"Meat, nes",,,,,,,,,MOZ
280,bvmeat,25,Beef and Buffalo Meat,282000.0,7050000.0,222261.62145043619,0.5868077770958138,1.8036377752380952,554.435049946762,11.893811291574172,0.021452127337036577,MAR
281,bvmilk,0.7,"Milk, Total",2591651.0,1814155.7,2042640.2606157602,0.15100151398903547,64.41563482993197,15.524181398509334,0.3330267161640768,0.021452127337036577,MAR
282,sgmeat,15,Sheep and Goat Meat,210000.0,3150000.0,165513.97342053757,0.26219070891515084,3.0060629587301584,332.6610299680572,5.9458918537073036,0.017873725258044922,MAR
283,other,15,"Meat, nes",,,,,,,,,MAR
284,bvmeat,25,Beef and Buffalo Meat,6010.0,150250.0,3646.1625503257496,0.5160954809271376,2.9037810110974105,344.37858646305955,18.977677079326536,0.05510701833768696,MNE
285,bvmilk,0.7,"Milk, Total",175819.0,123073.29999999999,106666.33168647638,0.42274591649111404,103.70646468205038,9.642600420965666,0.531374958221143,0.05510701833768696,MNE
286,sgmeat,15,Sheep and Goat Meat,1187.0,17805.0,720.1322707548527,0.06115860258174832,4.8396350184956844,206.6271518778357,9.134500150630677,0.04420764680544633,MNE
287,other,15,"Meat, nes",,,,,,,,,MNE
288,bvmeat,25,Beef and Buffalo Meat,158477.0,3961925.0,153234.7151821819,0.401592827177114,0.34266136066917197,2918.3331264637873,36.93183875322537,0.012655114119194661,MNG
289,bvmilk,0.7,"Milk, Total",1082389.0,757672.2999999999,1046584.4894295493,0.07679998006796858,12.237905738184715,81.71332754098601,1.03409148509031,0.012655114119194661,MNG
290,sgmeat,15,Sheep and Goat Meat,343062.0,5145930.0,331713.79985631787,0.5216071927549174,0.5711022677819533,1750.9998758782724,15.918032703736616,0.009090824575731278,MNG
291,other,15,"Meat, nes",,,,,,,,,MNG
292,bvmeat,25,Beef and Buffalo Meat,7881.0,197025.0,0.0,0.43247468368600794,,,,0.0211985926419912,MDA
293,bvmilk,0.7,"Milk, Total",329694.0,230785.8,0.0,0.5065804636681756,,,,0.0211985926419912,MDA
294,sgmeat,15,Sheep and Goat Meat,1851.0,27765.0,0.0,0.06094485264581657,,,,0.028227111942509774,MDA
295,other,15,"Meat, nes",,,,,,,,,MDA
296,bvmeat,25,Beef and Buffalo Meat,2081262.0,52031550.0,1863812.8724767794,0.8318187318808643,3.0169355628862644,331.46216720761265,2.5491452354752364,0.007690606915867321,MEX
297,bvmilk,0.7,"Milk, Total",12783734.0,8948613.799999999,11448096.389363315,0.1430598278007786,107.74769867450945,9.280940681813155,0.07137606659330661,0.007690606915867321,MEX
298,sgmeat,15,Sheep and Goat Meat,104759.0,1571385.0,93813.8363684125,0.025121440318357075,5.028225938143774,198.87730032456759,3.5439448328810785,0.017819755332043243,MEX
299,other,15,"Meat, nes",,,,,,,,,MEX
300,bvmeat,25,Beef and Buffalo Meat,1446.0,36150.0,0.0,0.948072383949646,,,,0.16423983640463627,MUS
301,bvmilk,0.7,"Milk, Total",1800.0,1260.0,0.0,0.03304484657749803,,,,0.16423983640463627,MUS
302,sgmeat,15,Sheep and Goat Meat,48.0,720.0,0.0,0.01888276947285602,,,,0.22284531343213346,MUS
303,other,15,"Meat, nes",,,,,,,,,MUS
304,bvmeat,25,Beef and Buffalo Meat,29716.0,742900.0,25022.780814345093,0.4022736774663982,0.15847993885350317,6309.946907061765,106.70566828722652,0.01691070778548185,MRT
305,bvmilk,0.7,"Milk, Total",364311.0,255017.69999999998,306773.26360394654,0.13808979404768162,5.659997816196543,176.67851339772938,2.9877587120423414,0.01691070778548185,MRT
306,sgmeat,15,Sheep and Goat Meat,56589.0,848835.0,47651.57300790734,0.4596365284859202,0.2641332314225053,3785.9681442370593,78.31447645466622,0.020685455733132692,MRT
307,other,15,"Meat, nes",,,,,,,,,MRT
308,bvmeat,25,Beef and Buffalo Meat,29716.0,742900.0,29465.97982943791,0.4022736774663982,0.1866206124840764,5358.464891359876,2497.1443736858746,0.4660186124784233,MLT
309,bvmilk,0.7,"Milk, Total",364311.0,255017.69999999998,361245.8129506782,0.13808979404768162,6.665021874431302,150.03701695807652,69.92004246320448,0.4660186124784233,MLT
310,sgmeat,15,Sheep and Goat Meat,56589.0,848835.0,56112.87967990516,0.4596365284859202,0.31103435414012737,3215.078934815925,1075.866012275199,0.33463129026933086,MLT
311,other,15,"Meat, nes",,,,,,,,,MLT
312,bvmeat,25,Beef and Buffalo Meat,71252.0,1781300.0,6110.0186702154015,0.6379383014496095,0.027649416859122367,36167.12804812989,424.3419845763403,0.011732808422378506,MLI
313,bvmilk,0.7,"Milk, Total",996009.0,697206.2999999999,85410.00372905422,0.24969101374387626,0.9874791735400847,1012.6795853476367,11.881575568137526,0.011732808422378506,MLI
314,sgmeat,15,Sheep and Goat Meat,20918.0,313770.0,1793.7653756184495,0.11237068480651433,0.04608236143187062,21700.276828877933,192.30504859439492,0.008861870754500348,MLI
315,other,15,"Meat, nes",,,,,,,,,MLI
316,bvmeat,25,Beef and Buffalo Meat,43493.0,1087325.0,43493.0,0.9189555300150445,16.60657263157895,60.21712138833552,1.3275228584989465,0.022045604769744057,MYS
317,bvmilk,0.7,"Milk, Total",50719.0,35503.299999999996,50719.0,0.030005705625073577,593.0918796992482,1.6860793988733944,0.03717064003797049,0.022045604769744057,MYS
318,sgmeat,15,Sheep and Goat Meat,4026.0,60390.0,4026.0,0.051038764359881854,27.67762105263158,36.130272833001314,1.212958495544504,0.0335718055922509,MYS
319,other,15,"Meat, nes",,,,,,,,,MYS
320,bvmeat,25,Beef and Buffalo Meat,55626.0,1390650.0,0.0,0.5719036934989357,,,,0.026449386187249953,MWI
321,bvmilk,0.7,"Milk, Total",211151.0,147805.69999999998,0.0,0.0607849751915979,,,,0.026449386187249953,MWI
322,sgmeat,15,Sheep and Goat Meat,59544.0,893160.0,0.0,0.36731133130946636,,,,0.02823749682221554,MWI
323,other,15,"Meat, nes",,,,,,,,,MWI
324,bvmeat,25,Beef and Buffalo Meat,34887.0,872175.0,13616.125844844142,0.6787383664862664,0.053789876390937096,18590.858858498643,147.4806553909042,0.007932966223531127,MDG
325,bvmilk,0.7,"Milk, Total",491342.0,343939.39999999997,191766.9763767997,0.2676582870711343,1.9210670139620394,520.5440480379619,4.129458350945317,0.007932966223531127,MDG
326,sgmeat,15,Sheep and Goat Meat,4592.0,68880.0,1792.2220276757619,0.05360334644259929,0.08964979398489516,11154.515315099186,313.39983204824046,0.028096230378025503,MDG
327,other,15,"Meat, nes",,,,,,,,,MDG
328,bvmeat,25,Beef and Buffalo Meat,3886.0,97150.0,0.0,0.2119830771389289,,,,0.047608801625812346,MKD
329,bvmilk,0.7,"Milk, Total",447709.0,313396.3,0.0,0.6838364594745744,,,,0.047608801625812346,MKD
330,sgmeat,15,Sheep and Goat Meat,3183.0,47745.0,0.0,0.10418046338649675,,,,0.0406801418133905,MKD
331,other,15,"Meat, nes",,,,,,,,,MKD
332,bvmeat,25,Beef and Buffalo Meat,10340.0,258500.0,9397.87504263628,0.44985625482921127,30.60928937728938,32.66982084013855,2.7523742147200077,0.08424821881295433,LUX
333,bvmilk,0.7,"Milk, Total",450540.0,315378.0,409489.22840515955,0.5488385529420773,1093.1889063317635,0.9147549835238793,0.07706647801216021,0.08424821881295433,LUX
334,sgmeat,15,Sheep and Goat Meat,50.0,750.0,45.44427003209033,0.0013051922287114447,51.01548229548229,19.60189250408313,1.2616786874624744,0.0643651467428292,LUX
335,other,15,"Meat, nes",,,,,,,,,LUX
336,bvmeat,25,Beef and Buffalo Meat,43410.0,1085250.0,27943.520473947814,0.5051976823052562,8.406086930091186,118.96141549765682,6.345003015868803,0.0533366469230839,LTU
337,bvmilk,0.7,"Milk, Total",1491670.0,1044168.9999999999,960205.2795524934,0.4860739541442037,300.2173903603995,3.330919633934391,0.1776600844443265,0.0533366469230839,LTU
338,sgmeat,15,Sheep and Goat Meat,1250.0,18750.0,804.6394976372902,0.008728363550540017,14.01014488348531,71.37684929859408,2.6293503755341296,0.03683757971067967,LTU
339,other,15,"Meat, nes",,,,,,,,,LTU
340,bvmeat,25,Beef and Buffalo Meat,7010.0,175250.0,2603.614182831621,0.17678882295161777,0.11073124511278193,9030.874700103666,480.19531912757304,0.053172625584325825,LBY
341,bvmilk,0.7,"Milk, Total",231151.0,161805.69999999998,85852.78487527989,0.16322647218181213,3.9546873254564985,252.8644916029026,13.445468935572041,0.053172625584325825,LBY
342,sgmeat,15,Sheep and Goat Meat,43616.0,654240.0,16199.605734434233,0.6599847048665701,0.1845520751879699,5418.5248200622,174.13064735415603,0.03213617232303407,LBY
343,other,15,"Meat, nes",,,,,,,,,LBY
344,bvmeat,25,Beef and Buffalo Meat,1177.0,29425.0,1177.0,0.42304955107146197,0.22748070381998953,4395.977255245887,172.59747529040405,0.03926259515661436,LBR
345,bvmilk,0.7,"Milk, Total",9435.0,6604.5,9435.0,0.09495431639937028,8.124310850713911,123.08736314688483,4.832729308131313,0.03926259515661436,LBR
346,sgmeat,15,Sheep and Goat Meat,2235.0,33525.0,2235.0,0.4819961325291678,0.37913450636664925,2637.5863531475316,112.28033915792055,0.04256935096131817,LBR
347,other,15,"Meat, nes",,,,,,,,,LBR
348,bvmeat,25,Beef and Buffalo Meat,1686.0,42150.0,1316.1844482617457,0.2399889314713457,0.27421773999999993,3646.737078352408,108.00858272189109,0.029617869454600015,LSO
349,bvmilk,0.7,"Milk, Total",173333.0,121333.09999999999,135313.2852731632,0.6908327644390494,9.793490714285713,102.10863819386742,3.0242403162129503,0.029617869454600015,LSO
350,sgmeat,15,Sheep and Goat Meat,810.0,12150.0,632.3306068161412,0.06917830408960499,0.4570295666666666,2188.0422470114445,42.332360620542026,0.019347140430383384,LSO
351,other,15,"Meat, nes",,,,,,,,,LSO
352,bvmeat,25,Beef and Buffalo Meat,44265.0,1106625.0,21720.693722988643,0.7480341732901727,7.259258500000002,137.75511644887692,9.077763872275817,0.06589783455081116,LBN
353,bvmilk,0.7,"Milk, Total",371018.0,259712.59999999998,182057.3442610595,0.17555531461338875,259.2592321428571,3.857143260568556,0.254177388423723,0.06589783455081116,LBN
354,sgmeat,15,Sheep and Goat Meat,7536.0,113040.0,3697.891062836155,0.07641051209643838,12.098764166666669,82.65306986932617,5.998410837103923,0.07257335809289796,LBN
355,other,15,"Meat, nes",,,,,,,,,LBN
356,bvmeat,25,Beef and Buffalo Meat,16030.0,400750.0,10094.347229709627,0.361273630405582,4.463418849840255,224.0435042379654,2.980806536428699,0.013304588082422901,LVA
357,bvmilk,0.7,"Milk, Total",990100.0,693070.0,623481.796140705,0.6247982907678022,159.40781606572338,6.273218118663033,0.0834625830200036,0.013304588082422901,LVA
358,sgmeat,15,Sheep and Goat Meat,1030.0,15450.0,648.6074639177115,0.013928078826615703,7.439031416400423,134.4261025427793,2.349879656637906,0.017480828590489623,LVA
359,other,15,"Meat, nes",,,,,,,,,LVA
360,bvmeat,25,Beef and Buffalo Meat,59010.0,1475250.0,0.0,0.9699147277138217,,,,0.020491897520456406,LAO
361,bvmilk,0.7,"Milk, Total",7300.0,5110.0,0.0,0.003359609733006358,,,,0.020491897520456406,LAO
362,sgmeat,15,Sheep and Goat Meat,2710.0,40650.0,0.0,0.026725662553171905,,,,0.022629601069581336,LAO
363,other,15,"Meat, nes",,,,,,,,,LAO
364,bvmeat,25,Beef and Buffalo Meat,113611.0,2840275.0,72121.79795720572,0.5494613488368575,1.4578350278218957,685.9486710880227,24.64610786614744,0.0359299593467465,KGZ
365,bvmilk,0.7,"Milk, Total",1707227.0,1195058.9,1083770.7683330528,0.23118841490119482,52.06553670792485,19.206562790464634,0.6900910202521282,0.0359299593467465,KGZ
366,sgmeat,15,Sheep and Goat Meat,75591.0,1133865.0,47986.188215781374,0.21935023626194766,2.429725046369826,411.56920265281366,9.698927005797438,0.02356572586889874,KGZ
367,other,15,"Meat, nes",,,,,,,,,KGZ
368,bvmeat,25,Beef and Buffalo Meat,1900.0,47500.0,1172.3816142903518,0.05293895336234239,16.283761764705876,61.41087142207171,3.4934386564085846,0.05688632282057158,KWT
369,bvmilk,0.7,"Milk, Total",73707.0,51594.899999999994,45480.38507605208,0.05750273694388883,581.5629201680671,1.7195043998180075,0.09781628237944036,0.05688632282057158,KWT
370,sgmeat,15,Sheep and Goat Meat,53211.0,798165.0,32833.47267263363,0.8895583096937687,27.13960294117646,36.84652285324302,1.6297709995766865,0.04423133781355554,KWT
371,other,15,"Meat, nes",,,,,,,,,KWT
372,bvmeat,25,Beef and Buffalo Meat,244217.0,6105425.0,214752.4676858379,0.49346082622141846,2.0431764676056337,489.4339847070989,8.50528081831047,0.017377789618349536,KEN
373,bvmilk,0.7,"Milk, Total",5515670.0,3860968.9999999995,4850210.032228491,0.3120564011113532,72.97058812877263,13.704151571798768,0.2381478629126931,0.017377789618349536,KEN
374,sgmeat,15,Sheep and Goat Meat,160418.0,2406270.0,141063.73168627388,0.19448277266722833,3.405294112676057,293.66039082425925,4.356010918132738,0.01483349833427004,KEN
375,other,15,"Meat, nes",,,,,,,,,KEN
376,bvmeat,25,Beef and Buffalo Meat,521847.0,13046175.0,384159.9205011645,0.656820466202859,0.31732013237990864,3151.3916009676914,20.29417189258615,0.006439749311496058,KAZ
377,bvmilk,0.7,"Milk, Total",6042035.0,4229424.5,4447870.13294175,0.21293387309765463,11.332861870711021,88.23896482709536,0.5682368129924122,0.006439749311496058,KAZ
378,sgmeat,15,Sheep and Goat Meat,172468.0,2587020.0,126963.0622941108,0.1302456606994863,0.5288668872998478,1890.8349605806145,16.830033272606855,0.008900847310036458,KAZ
379,other,15,"Meat, nes",,,,,,,,,KAZ
380,bvmeat,25,Beef and Buffalo Meat,30733.0,768325.0,5573.065497812298,0.5487139742753433,1.3688133153638846,730.5598132161364,61.973001492344956,0.08482946963578768,JOR
381,bvmilk,0.7,"Milk, Total",427948.0,299563.6,77603.3004801932,0.21393906680666283,48.88618983442445,20.45567477005182,1.7352440417856592,0.08482946963578768,JOR
382,sgmeat,15,Sheep and Goat Meat,22156.0,332340.0,4017.7281479038584,0.23734695891799382,2.2813555256064744,438.33588792968186,31.216277945503695,0.07121542817984237,JOR
383,other,15,"Meat, nes",,,,,,,,,JOR
384,bvmeat,25,Beef and Buffalo Meat,477463.0,11936575.0,474528.5186794521,0.6960623377301932,219.9138028387097,4.5472361765915394,0.054937085354676916,0.012081423357221786,JPN
385,bvmilk,0.7,"Milk, Total",7440965.0,5208675.5,7395232.926940201,0.30373560631990193,7854.064387096773,0.12732261294456312,0.0015382383899309538,0.012081423357221786,JPN
386,sgmeat,15,Sheep and Goat Meat,231.0,3465.0,229.58027703707603,0.0002020559499048194,366.52300473118277,2.728341705954924,0.03844662999016386,0.014091574345782861,JPN
387,other,15,"Meat, nes",,,,,,,,,JPN
388,bvmeat,25,Beef and Buffalo Meat,7124.0,178100.0,7124.0,0.5377652517290918,5.784897816593888,172.86390040140657,8.45231580769757,0.048895783261111665,JAM
389,bvmilk,0.7,"Milk, Total",205022.0,143515.4,205022.0,0.4333385469286991,206.60349344978167,4.840189211239385,0.23666484261553197,0.048895783261111665,JAM
390,sgmeat,15,Sheep and Goat Meat,638.0,9570.0,638.0,0.028896201342208924,9.641496360989812,103.71834024084393,6.095905974217519,0.05877365526735427,JAM
391,other,15,"Meat, nes",,,,,,,,,JAM
392,bvmeat,25,Beef and Buffalo Meat,752609.0,18815225.0,520673.6734084649,0.6546489312683904,25.379664675473865,39.401623811301555,1.264938538945677,0.032103715953525125,ITA
393,bvmilk,0.7,"Milk, Total",13509520.0,9456664.0,9346222.812091172,0.3290311426498626,906.4165955526382,1.1032454667164433,0.035418279090478955,0.032103715953525125,ITA
394,sgmeat,15,Sheep and Goat Meat,31270.0,469050.0,21633.365754970637,0.016319926081747017,42.29944112578978,23.64097428678093,0.8940472022070415,0.03781769699343382,ITA
395,other,15,"Meat, nes",,,,,,,,,ITA
396,bvmeat,25,Beef and Buffalo Meat,145797.0,3644925.0,112293.61808858952,0.7336948661498651,92.75891296969696,10.780635175475654,1.118985259415069,0.10379585629245618,ISR
397,bvmilk,0.7,"Milk, Total",1605633.0,1123943.0999999999,1236667.0020126358,0.2262409466078354,3312.8183203463204,0.3018577849133183,0.03133158726362194,0.10379585629245618,ISR
398,sgmeat,15,Sheep and Goat Meat,13269.0,199035.0,10219.853758427775,0.04006418724229947,154.59818828282826,6.468381105285393,0.32591682802751537,0.05038615114393998,ISR
399,other,15,"Meat, nes",,,,,,,,,ISR
400,bvmeat,25,Beef and Buffalo Meat,145797.0,3644925.0,145797.0,0.7336948661498651,120.43401454545456,8.303302051120923,1.8211607593548669,0.21932970138175512,PSE
401,bvmilk,0.7,"Milk, Total",1605633.0,1123943.0999999999,1605633.0,0.2262409466078354,4301.214805194805,0.2324924574313859,0.05099250126193629,0.21932970138175512,PSE
402,sgmeat,15,Sheep and Goat Meat,13269.0,199035.0,13269.0,0.04006418724229947,200.72335757575757,4.981981230672554,0.2468077317105518,0.04954007658459873,PSE
403,other,15,"Meat, nes",,,,,,,,,PSE
404,bvmeat,25,Beef and Buffalo Meat,633380.0,15834500.0,577324.763755753,0.6938571741378843,20.458600934349647,48.87919771292947,0.79358403484923,0.01623561907685142,IRL
405,bvmilk,0.7,"Milk, Total",8561470.0,5993029.0,7803764.951769817,0.262610512896927,730.6643190839158,1.3686175359620256,0.02222035297577845,0.01623561907685142,IRL
406,sgmeat,15,Sheep and Goat Meat,66230.0,993450.0,60368.52932448692,0.04353231296518874,34.09766822391608,29.32751862775768,0.7950200014654417,0.02710832824134591,IRL
407,other,15,"Meat, nes",,,,,,,,,IRL
408,bvmeat,25,Beef and Buffalo Meat,39186.0,979650.0,0.0,0.46228392656270745,,,,0.0221051447543804,IRQ
409,bvmilk,0.7,"Milk, Total",404246.0,282972.19999999995,0.0,0.133530852573968,,,,0.0221051447543804,IRQ
410,sgmeat,15,Sheep and Goat Meat,57102.0,856530.0,0.0,0.4041852208633245,,,,0.014028594551447178,IRQ
411,other,15,"Meat, nes",,,,,,,,,IRQ
412,bvmeat,25,Beef and Buffalo Meat,534494.0,13362350.0,212888.60227081546,0.550878601557957,1.3110318010652382,762.7580041822639,8.573834548965452,0.011240569750765542,IRN
413,bvmilk,0.7,"Milk, Total",8364026.0,5854818.199999999,3331385.954747405,0.24137176936632215,46.822564323758506,21.35722411710339,0.24006736737103268,0.011240569750765542,IRN
414,sgmeat,15,Sheep and Goat Meat,335951.0,5039265.0,133809.05832709576,0.20774962907572084,2.1850530017753966,457.65480250935843,2.998883110559491,0.006552718542701555,IRN
415,other,15,"Meat, nes",,,,,,,,,IRN
416,bvmeat,25,Beef and Buffalo Meat,540503.0,13512575.0,540503.0,0.8107902007141178,6.0603392000000005,165.00726559991887,3.2227158070287096,0.01953075093579573,IDN
417,bvmilk,0.7,"Milk, Total",1574504.0,1102152.7999999998,1574504.0,0.06613207992774336,216.44068571428576,4.620203436797728,0.09023604259680386,0.01953075093579573,IDN
418,sgmeat,15,Sheep and Goat Meat,136747.0,2051205.0,136747.0,0.12307771935813877,10.100565333333334,99.00435935995132,4.157047304589083,0.04198852789375927,IDN
419,other,15,"Meat, nes",,,,,,,,,IDN
420,bvmeat,25,Beef and Buffalo Meat,2516140.0,62903500.0,1303160.5652025125,0.3080397279405424,40.368047839794045,24.772067353086598,0.12486884248006029,0.005040711406934781,IND
421,bvmilk,0.7,"Milk, Total",183955490.0,128768842.99999999,95274325.0854504,0.6305836617189571,1441.7159942783592,0.6936178858864246,0.0034963275894416873,0.005040711406934781,IND
422,sgmeat,15,Sheep and Goat Meat,835564.0,12533460.0,432755.75067479245,0.06137661034050046,67.28007973299007,14.863240411851958,0.1712988838102646,0.011525002560926804,IND
423,other,15,"Meat, nes",,,,,,,,,IND
424,bvmeat,25,Beef and Buffalo Meat,4652.0,116300.0,4194.760123090894,0.3219854012981853,0.744020331239292,1344.049292758345,36.14403851499519,0.026891899508252447,ISL
425,bvmilk,0.7,"Milk, Total",155495.0,108846.5,140211.5703654382,0.3013498192811946,26.572154687117568,37.63338019723366,1.0120330784198652,0.026891899508252447,ISL
426,sgmeat,15,Sheep and Goat Meat,9070.0,136050.0,8178.519844461395,0.3766647794206201,1.2400338853988198,806.4295756550072,9.22045564816197,0.01143367744253778,ISL
427,other,15,"Meat, nes",,,,,,,,,ISL
428,bvmeat,25,Beef and Buffalo Meat,29150.0,728750.0,9491.389743381911,0.33756398082312344,3.8383467099063617,260.52883587069067,2.312323891048986,0.00887550079944575,HUN
429,bvmilk,0.7,"Milk, Total",2019000.0,1413300.0,657396.7715913578,0.6546540982467517,137.08381106808437,7.294807404379337,0.06474506894937158,0.00887550079944575,HUN
430,sgmeat,15,Sheep and Goat Meat,1120.0,16800.0,364.6777534335417,0.007781920930124835,6.397244516510603,156.31730152241437,3.231423136982578,0.020672203943587292,HUN
431,other,15,"Meat, nes",,,,,,,,,HUN
432,bvmeat,25,Beef and Buffalo Meat,63681.0,1592025.0,55426.02453679079,0.7675097587188727,3.714783971193416,269.1946578198298,6.478961070133791,0.024067940733319148,HND
433,bvmilk,0.7,"Milk, Total",683419.0,478393.3,594827.3152574399,0.23063175908401268,132.6708561140506,7.537450418955233,0.18141090996374612,0.024067940733319148,HND
434,sgmeat,15,Sheep and Goat Meat,257.0,3855.0,223.68506000149546,0.0018584821971145268,6.191306618655692,161.5167946918979,1.7278249691155394,0.010697494167163606,HND
435,other,15,"Meat, nes",,,,,,,,,HND
436,bvmeat,25,Beef and Buffalo Meat,48287.0,1207175.0,26898.45895726023,0.8745596049852958,6.27685224489796,159.31552328841804,3.7038220141713443,0.023248343524353888,HTI
437,bvmilk,0.7,"Milk, Total",104019.0,72813.29999999999,57944.18378187198,0.052750902632738274,224.17329446064147,4.460834652075704,0.10370701639679762,0.023248343524353888,HTI
438,sgmeat,15,Sheep and Goat Meat,6689.0,100335.0,3726.133161412258,0.07268949238196587,10.461420408163267,95.5893139730508,7.035934068944643,0.07360586425934872,HTI
439,other,15,"Meat, nes",,,,,,,,,HTI
440,bvmeat,25,Beef and Buffalo Meat,2927.0,73175.0,0.0,0.5890995451435012,,,,0.022031860390005042,GUY
441,bvmilk,0.7,"Milk, Total",55000.0,38500.0,0.0,0.30994646379261764,,,,0.022031860390005042,GUY
442,sgmeat,15,Sheep and Goat Meat,836.0,12540.0,0.0,0.10095399106388117,,,,0.027998757867926452,GUY
443,other,15,"Meat, nes",,,,,,,,,GUY
444,bvmeat,25,Beef and Buffalo Meat,7290.0,182250.0,7290.0,0.7306949199362842,3.763269586209498,265.7263789085162,8.147914012586483,0.030662796994616905,GNB
445,bvmilk,0.7,"Milk, Total",41743.0,29220.1,41743.0,0.11715214611813562,134.4024852217678,7.440338609438453,0.2281415923524215,0.030662796994616905,GNB
446,sgmeat,15,Sheep and Goat Meat,2530.0,37950.0,2530.0,0.15215293394558016,6.27211597701583,159.4358273451097,5.036661197211024,0.031590523165842946,GNB
447,other,15,"Meat, nes",,,,,,,,,GNB
448,bvmeat,25,Beef and Buffalo Meat,105217.0,2630425.0,27923.71062881267,0.8201470014720351,0.3181981495327102,3142.695837384817,40.24278514878569,0.012805179766386041,GIN
449,bvmilk,0.7,"Milk, Total",231422.0,161995.4,61417.46068735172,0.05050896397436267,11.364219626168222,87.99548344677487,1.1267979841659994,0.012805179766386041,GIN
450,sgmeat,15,Sheep and Goat Meat,27656.0,414840.0,7339.6707865691205,0.1293440345536022,0.5303302492211837,1885.6175024308902,28.29624902759859,0.015006356798831038,GIN
451,other,15,"Meat, nes",,,,,,,,,GIN
452,bvmeat,25,Beef and Buffalo Meat,227452.0,5686300.0,211030.19078539853,0.9350403711075798,12.036853013333332,83.07819318656553,4.167727028018486,0.050166317635955096,GTM
453,bvmilk,0.7,"Milk, Total",515231.0,360661.69999999995,478031.8318966273,0.05930627118025615,429.8876076190476,2.326189409223835,0.11669635678451765,0.050166317635955096,GTM
454,sgmeat,15,Sheep and Goat Meat,2292.0,34380.0,2126.519869159794,0.005653357712164077,20.06142168888889,49.84691591193931,5.695707283174041,0.11426398562423012,GTM
455,other,15,"Meat, nes",,,,,,,,,GTM
456,bvmeat,25,Beef and Buffalo Meat,138.0,3450.0,0.0,0.5834207055162851,,,,0.18597441161551406,GRD
457,bvmilk,0.7,"Milk, Total",562.0,393.4,0.0,0.06652687117394393,,,,0.18597441161551406,GRD
458,sgmeat,15,Sheep and Goat Meat,138.0,2070.0,0.0,0.35005242330977104,,,,0.37578117540359657,GRD
459,other,15,"Meat, nes",,,,,,,,,GRD
460,bvmeat,25,Beef and Buffalo Meat,35434.0,885850.0,8057.304281146839,0.2515096684365232,1.2102540966795248,826.2727659783332,19.47418920351979,0.023568717263071998,GRC
461,bvmilk,0.7,"Milk, Total",1990330.0,1393231.0,452579.2862757517,0.39556478734039136,43.223360595697315,23.13563744739333,0.5452772976985542,0.023568717263071998,GRC
462,sgmeat,15,Sheep and Goat Meat,82870.0,1243050.0,18843.732171886844,0.3529255442230854,2.017090161132541,495.76365958699995,14.062257521723964,0.02836484129038148,GRC
463,other,15,"Meat, nes",,,,,,,,,GRC
464,bvmeat,25,Beef and Buffalo Meat,30729.0,768225.0,0.0,0.38347298210773895,,,,0.027574854826997536,GHA
465,bvmilk,0.7,"Milk, Total",45872.0,32110.399999999998,0.0,0.01602846932171218,,,,0.027574854826997536,GHA
466,sgmeat,15,Sheep and Goat Meat,54367.0,815505.0,0.0,0.4070736233183919,,,,0.02118671799246815,GHA
467,other,15,"Meat, nes",25833.0,387495.0,0.0,0.193424925252157,,,,,GHA
468,bvmeat,25,Beef and Buffalo Meat,1091000.0,27275000.0,1091000.0,0.5336819024582885,43.21963890063425,23.13762968494688,0.22777675042721252,0.009844428903424013,DEU
469,bvmilk,0.7,"Milk, Total",33188890.0,23232223.0,33188890.0,0.45457807402292233,1543.5585321655092,0.6478536311785125,0.006377749011961948,0.009844428903424013,DEU
470,sgmeat,15,Sheep and Goat Meat,40000.0,600000.0,40000.0,0.011740023518789115,72.0327315010571,13.882577810968128,0.09761992527551046,0.0070318298665241015,DEU
471,other,15,"Meat, nes",,,,,,,,,DEU
472,bvmeat,25,Beef and Buffalo Meat,20100.0,502500.0,17053.28112900566,0.5107873199512816,1.7209415257731953,581.0772678930585,20.70138991481028,0.035625881545619444,GEO
473,bvmilk,0.7,"Milk, Total",582172.0,407520.39999999997,493927.5015639544,0.4142412993860184,61.46219734904269,16.27016350100564,0.5796389176146879,0.035625881545619444,GEO
474,sgmeat,15,Sheep and Goat Meat,4917.0,73755.0,4171.690712006011,0.07497138066270005,2.868235876288659,348.6463607358352,35.27565188066765,0.10117889028360046,GEO
475,other,15,"Meat, nes",,,,,,,,,GEO
476,bvmeat,25,Beef and Buffalo Meat,4249.0,106225.0,3587.806467657816,0.5910671927521725,3.2460151871657756,308.070031204364,20.843584680350627,0.06765859242739404,GMB
477,bvmilk,0.7,"Milk, Total",78439.0,54907.299999999996,66232.98458851763,0.3055203923050257,115.92911382734914,8.62596087372219,0.5836203710498175,0.06765859242739404,GMB
478,sgmeat,15,Sheep and Goat Meat,1239.0,18585.0,1046.1972731061505,0.10341241494280184,5.410025311942958,184.84201872261846,22.63270822489529,0.1224435243745031,GMB
479,other,15,"Meat, nes",,,,,,,,,GMB
480,bvmeat,25,Beef and Buffalo Meat,984.0,24600.0,621.4257621514408,0.0966950344741382,0.38755981657616884,2580.246860560338,48.78561912891732,0.01890734560115803,GAB
481,bvmilk,0.7,"Milk, Total",13983.0,9788.099999999999,8830.687431060567,0.03847401085106959,13.841422020577461,72.24691209568944,1.3659973356096844,0.01890734560115803,GAB
482,sgmeat,15,Sheep and Goat Meat,1164.0,17460.0,735.1012064474361,0.06862989032188833,0.6459330276269479,1548.148116336203,9.926443007036195,0.006411817385101235,GAB
483,other,15,"Meat, nes",13504.0,202560.0,8528.184443184002,0.7962010643529038,0.645933027626948,1548.1481163362027,,,GAB
484,bvmeat,25,Beef and Buffalo Meat,2970.0,74250.0,2864.0286840816198,0.9937444290085041,1.6532195261859692,604.8803465968201,47.69408004660763,0.07884878441652837,NCL
485,bvmilk,0.7,"Milk, Total",432.0,302.4,416.585990411872,0.004047250038143726,59.04355450664176,16.936649704710966,1.335434241305014,0.07884878441652837,NCL
486,sgmeat,15,Sheep and Goat Meat,11.0,165.0,10.60751364474674,0.0022083209533522315,2.755365876976615,362.9282079580922,15.42724180062625,0.042507695633312845,NCL
487,other,15,"Meat, nes",,,,,,,,,NCL
488,bvmeat,25,Beef and Buffalo Meat,2970.0,74250.0,2970.0,0.9937444290085041,1.714389950094648,583.2978663604462,37.36578642165117,0.06405952871866183,ALA
489,bvmilk,0.7,"Milk, Total",432.0,302.4,432.0,0.004047250038143726,61.22821250338029,16.332340258092493,1.0462420198062328,0.06405952871866183,ALA
490,sgmeat,15,Sheep and Goat Meat,11.0,165.0,11.0,0.0022083209533522315,2.85731658349108,349.9787198162677,15.100732041881496,0.04314757208612312,ALA
491,other,15,"Meat, nes",,,,,,,,,ALA
492,bvmeat,25,Beef and Buffalo Meat,87110.0,2177750.0,73622.94895937764,0.5606668427640702,596.8781145454547,1.6753839278586014,0.02989121690091028,0.017841413185284555,FIN
493,bvmilk,0.7,"Milk, Total",2406520.0,1684564.0,2033923.7645473706,0.4336949508961144,21317.07551948052,0.04691074998004084,0.0008369540732254878,0.017841413185284555,FIN
494,sgmeat,15,Sheep and Goat Meat,1460.0,21900.0,1233.9513888266713,0.005638206339815468,994.7968575757577,1.0052303567151608,0.020444320358838617,0.020337945648244746,FIN
495,other,15,"Meat, nes",,,,,,,,,FIN
496,bvmeat,25,Beef and Buffalo Meat,2507.0,62675.0,0.0,0.8285948855170735,,,,0.03946191697682984,FJI
497,bvmilk,0.7,"Milk, Total",12393.0,8675.099999999999,0.0,0.11468916619623715,,,,0.03946191697682984,FJI
498,sgmeat,15,Sheep and Goat Meat,286.0,4290.0,0.0,0.0567159482866892,,,,0.05667184241573042,FJI
499,other,15,"Meat, nes",,,,,,,,,FJI
500,bvmeat,25,Beef and Buffalo Meat,433025.0,10825625.0,349704.52904261276,0.5804874663556556,3.0121626160000003,331.9873882931159,3.9208940509085424,0.011810370481443516,ETH
501,bvmilk,0.7,"Milk, Total",5058824.0,3541176.8,4085430.782124511,0.18988360935737456,107.5772362857143,9.295646872207247,0.10978503342543922,0.011810370481443516,ETH
502,sgmeat,15,Sheep and Goat Meat,285493.0,4282395.0,230559.88709650168,0.22962892428696982,5.020271026666667,199.19243297586956,2.4599984699827053,0.012349859044498507,ETH
503,other,15,"Meat, nes",,,,,,,,,ETH
504,bvmeat,25,Beef and Buffalo Meat,9580.0,239500.0,8183.122112686124,0.285288862418106,10.029243636363638,99.70841633303625,2.547364810116713,0.025548142311359708,EST
505,bvmilk,0.7,"Milk, Total",849000.0,594300.0,725205.7070637285,0.707921381774866,358.1872727272728,2.7918356573250147,0.07132621468326795,0.025548142311359708,EST
506,sgmeat,15,Sheep and Goat Meat,380.0,5700.0,324.5914825491364,0.006789755807027993,16.715406060606064,59.82504979982175,1.2978217529249183,0.021693617594427565,EST
507,other,15,"Meat, nes",,,,,,,,,EST
508,bvmeat,25,Beef and Buffalo Meat,23068.0,576700.0,23068.0,0.6624459429407408,0.5046733913043479,1981.479541482188,48.18204780002283,0.024316197463225712,ERI
509,bvmilk,0.7,"Milk, Total",146138.0,102296.59999999999,146138.0,0.11750644641344161,18.024049689440997,55.48142716150125,1.3490973384006388,0.024316197463225712,ERI
510,sgmeat,15,Sheep and Goat Meat,12771.0,191565.0,12771.0,0.2200476106458176,0.8411223188405796,1188.887724889313,34.165785045718835,0.028737604342663828,ERI
511,other,15,"Meat, nes",,,,,,,,,ERI
512,bvmeat,25,Beef and Buffalo Meat,47.0,1175.0,47.0,0.3357142857142857,2.8455284552845526,351.4285714285715,8.61238292256053,0.024506780673952722,GNQ
513,bvmilk,0.7,"Milk, Total",,,,,,,,0.024506780673952722,GNQ
514,sgmeat,15,Sheep and Goat Meat,155.0,2325.0,155.0,0.6642857142857143,4.742547425474254,210.85714285714286,5.501025397889534,0.026088873838229498,GNQ
515,other,15,"Meat, nes",,,,,,,,,GNQ
516,bvmeat,25,Beef and Buffalo Meat,16896.0,422400.0,691.4073110717313,0.595379298475736,0.36901455354305795,2709.920219673169,104.26582219566973,0.038475605827334926,SLV
517,bvmilk,0.7,"Milk, Total",407541.0,285278.69999999995,16677.13227754998,0.40210471656266555,13.179091197966356,75.87776615084874,2.919443021478753,0.038475605827334926,SLV
518,sgmeat,15,Sheep and Goat Meat,119.0,1785.0,4.869641928121214,0.002515984961598458,0.6150242559050967,1625.9521318039012,96.95795610169152,0.05963149480552186,SLV
519,other,15,"Meat, nes",,,,,,,,,SLV
520,bvmeat,25,Beef and Buffalo Meat,16896.0,422400.0,0.0,0.595379298475736,,,,0.043598941936507506,EGY
521,bvmilk,0.7,"Milk, Total",407541.0,285278.69999999995,0.0,0.40210471656266555,,,,0.043598941936507506,EGY
522,sgmeat,15,Sheep and Goat Meat,119.0,1785.0,0.0,0.002515984961598458,,,,0.03582561163914657,EGY
523,other,15,"Meat, nes",,,,,,,,,EGY
524,bvmeat,25,Beef and Buffalo Meat,233425.0,5835625.0,229014.47962227193,0.8137318516270712,9.5759537529772,104.4282403399344,3.5542799642176535,0.03403562056248171,ECU
525,bvmilk,0.7,"Milk, Total",1792757.0,1254929.9,1758883.2020742653,0.17499007067609298,341.9983483206144,2.9239907295181626,0.09951983899809427,0.03403562056248171,ECU
526,sgmeat,15,Sheep and Goat Meat,5392.0,80880.0,5290.119199414331,0.011278077696835817,15.959922921628667,62.65694420396064,4.021340841678333,0.06418028987478355,ECU
527,other,15,"Meat, nes",,,,,,,,,ECU
528,bvmeat,25,Beef and Buffalo Meat,66450.0,1661250.0,63802.146387799905,0.718472797354861,7.4187512447786155,134.7935746873585,4.381437090292613,0.03250479186752751,DOM
529,bvmilk,0.7,"Milk, Total",891523.0,624066.1,855998.2084889471,0.2699018911069005,264.9554015992362,3.774220091246038,0.12268023852819317,0.03250479186752751,DOM
530,sgmeat,15,Sheep and Goat Meat,1792.0,26880.0,1720.593624182655,0.011625311538238474,12.364585407964357,80.8761448124151,1.4414301398073726,0.01782268607326226,DOM
531,other,15,"Meat, nes",,,,,,,,,DOM
532,bvmeat,25,Beef and Buffalo Meat,562.0,14050.0,85.2024758089092,0.7018788372290523,6.0696000000000065,164.75550283379448,12.424821483960876,0.07541369647904901,DMA
533,bvmilk,0.7,"Milk, Total",7111.0,4977.7,1078.0690488917319,0.248664931535591,216.77142857142877,4.613154079346247,0.34789500155090464,0.07541369647904901,DMA
534,sgmeat,15,Sheep and Goat Meat,66.0,990.0,10.00598470353738,0.04945623123535671,10.11600000000001,98.85330170027669,5.515646800203002,0.05579628303085362,DMA
535,other,15,"Meat, nes",,,,,,,,,DMA
536,bvmeat,25,Beef and Buffalo Meat,6074.0,151850.0,630.5730844926751,0.659142702116115,0.056273905882352954,17770.22554806511,435.5612947052418,0.024510735304238574,DJI
537,bvmilk,0.7,"Milk, Total",15000.0,10500.0,1557.226912642431,0.04557786218122626,2.0097823529411767,497.56631534582317,12.195716251746772,0.024510735304238574,DJI
538,sgmeat,15,Sheep and Goat Meat,4535.0,68025.0,470.80160325556164,0.2952794357026587,0.09378984313725491,10662.135328839067,221.4056289601579,0.020765599209878475,DJI
539,other,15,"Meat, nes",,,,,,,,,DJI
540,bvmeat,25,Beef and Buffalo Meat,90.0,2250.0,90.0,0.2109704641350211,0.444375,2250.3516174402253,114.07514404589278,0.0506921421353936,FRO
541,bvmilk,0.7,"Milk, Total",,,,,,,,0.0506921421353936,FRO
542,sgmeat,15,Sheep and Goat Meat,561.0,8415.0,561.0,0.7890295358649789,0.740625,1350.210970464135,56.72930792839865,0.04201514368447025,FRO
543,other,15,"Meat, nes",0.0,0.0,0.0,0.0,,,,,FRO
544,bvmeat,25,Beef and Buffalo Meat,122430.0,3060750.0,120019.50047245072,0.43436766031122054,124.23666500303504,8.049153605142013,0.1878445435353189,0.023337179627845445,DNK
545,bvmilk,0.7,"Milk, Total",5666000.0,3966199.9999999995,5554443.271068413,0.5628649887532019,4437.023750108395,0.22537630094397632,0.005259647218988929,0.023337179627845445,DNK
546,sgmeat,15,Sheep and Goat Meat,1300.0,19500.0,1274.4045627230737,0.002767350935577489,207.0611083383917,4.829492163085208,0.20328233005472987,0.042091864566743124,DNK
547,other,15,"Meat, nes",,,,,,,,,DNK
548,bvmeat,25,Beef and Buffalo Meat,74300.0,1857500.0,53060.86803443543,0.4411894257903592,12.153059359807758,82.28380775520367,1.1472492973737325,0.013942588811480713,CZE
549,bvmilk,0.7,"Milk, Total",3282371.0,2297659.6999999997,2344084.178614507,0.5457352159917356,434.03783427884855,2.303946617145702,0.032122980326464504,0.013942588811480713,CZE
550,sgmeat,15,Sheep and Goat Meat,3670.0,55050.0,2620.906940597282,0.013075358217905396,20.255098933012935,49.370284653122184,0.934041653689273,0.01891910610303123,CZE
551,other,15,"Meat, nes",,,,,,,,,CZE
552,bvmeat,25,Beef and Buffalo Meat,4640.0,116000.0,697.3367328002226,0.2704403982001725,114.24558263181196,8.75307365907334,1.161815771918817,0.1327323197736936,CYP
553,bvmilk,0.7,"Milk, Total",347400.0,243179.99999999997,52210.08210663736,0.5669456554682581,4080.1993797075706,0.24508606245405345,0.032530841613726866,0.1327323197736936,CYP
554,sgmeat,15,Sheep and Goat Meat,4650.0,69750.0,698.8396136898783,0.16261394633156925,190.40930438635326,5.251844195444005,0.5805721293614672,0.11054633529782085,CYP
555,other,15,"Meat, nes",,,,,,,,,CYP
556,bvmeat,25,Beef and Buffalo Meat,66501.0,1662525.0,0.0,0.7703220527909865,,,,0.0489744623741609,CUB
557,bvmilk,0.7,"Milk, Total",459051.0,321335.69999999995,0.0,0.1488891752358783,,,,0.0489744623741609,CUB
558,sgmeat,15,Sheep and Goat Meat,11624.0,174360.0,0.0,0.08078877197313508,,,,0.05420812828608467,CUB
559,other,15,"Meat, nes",,,,,,,,,CUB
560,bvmeat,25,Beef and Buffalo Meat,43370.0,1084250.0,13080.727318943644,0.6793333542182263,3.58570592178771,278.8851126702087,12.212988204019489,0.04379218412587613,HRV
561,bvmilk,0.7,"Milk, Total",612000.0,428400.0,184583.93173146207,0.26841264371416934,128.06092577813249,7.808783154765845,0.3419636697125457,0.04379218412587613,HRV
562,sgmeat,15,Sheep and Goat Meat,5560.0,83400.0,1676.9389876257012,0.052254002067604395,5.976176536312851,167.33106760212516,7.151092513239982,0.042736191286627284,HRV
563,other,15,"Meat, nes",,,,,,,,,HRV
564,bvmeat,25,Beef and Buffalo Meat,34109.0,852725.0,0.0,0.362496953065864,,,,0.027633855072040032,CIV
565,bvmilk,0.7,"Milk, Total",34778.0,24344.6,0.0,0.010348990968491872,,,,0.027633855072040032,CIV
566,sgmeat,15,Sheep and Goat Meat,17248.0,258720.0,0.0,0.10998295077217196,,,,0.011296515561451987,CIV
567,other,15,"Meat, nes",81105.0,1216575.0,0.0,0.5171711051934721,,,,,CIV
568,bvmeat,25,Beef and Buffalo Meat,89744.0,2243600.0,84851.87725836207,0.7272204419864075,9.723309966666665,102.84563625228321,3.1756533525080286,0.030877861893119727,CRI
569,bvmilk,0.7,"Milk, Total",1201474.0,841031.7999999999,1135979.2785825606,0.2726045272422106,347.2610702380952,2.87967781506393,0.0889182938702248,0.030877861893119727,CRI
570,sgmeat,15,Sheep and Goat Meat,36.0,540.0,34.03756887703952,0.00017503077138200215,16.205516611111108,61.70738175136994,1.9584803070721408,0.031738185148791564,CRI
571,other,15,"Meat, nes",,,,,,,,,CRI
572,bvmeat,25,Beef and Buffalo Meat,21015.0,525375.0,17366.933993538838,0.17147746287576165,0.5564737934065935,1797.0298185620743,81.15485865119248,0.04516055204700498,COD
573,bvmilk,0.7,"Milk, Total",8191.0,5733.7,6769.096185632958,0.0018714257985072654,19.874064050235482,50.31683491973808,2.2723360422333894,0.04516055204700498,COD
574,sgmeat,15,Sheep and Goat Meat,19834.0,297510.0,16390.94783858431,0.09710446819922504,0.9274563223443223,1078.2178911372448,23.971615078710617,0.02223262596155465,COD
575,other,15,"Meat, nes",149013.0,2235195.0,123145.32168352143,0.729546643126506,0.9274563223443224,1078.2178911372448,,,COD
576,bvmeat,25,Beef and Buffalo Meat,5833.0,145825.0,5349.295099124278,0.1986872810028799,0.2692318840000001,3714.2703350840857,149.9856042253765,0.04038090679847649,COG
577,bvmilk,0.7,"Milk, Total",4089.0,2862.2999999999997,3749.917308472342,0.0038998978530056104,9.61542442857143,103.99956938235441,4.199596918310542,0.04038090679847649,COG
578,sgmeat,15,Sheep and Goat Meat,1530.0,22950.0,1403.123864505425,0.031269488078286264,0.44871980666666667,2228.562201050452,59.486316131501795,0.0266926882738397,COG
579,other,15,"Meat, nes",37487.0,562305.0,34378.36882922541,0.7661433330658282,0.4487198066666667,2228.562201050452,,,COG
580,bvmeat,25,Beef and Buffalo Meat,1216.0,30400.0,862.7074196648717,0.6478381597986587,8.877808000000002,112.64041754451097,20.726144015869945,0.18400272715324237,COM
581,bvmilk,0.7,"Milk, Total",13429.0,9400.3,9527.38317325622,0.20032477149853062,317.0645714285715,3.153931691246307,0.5803320324443585,0.18400272715324237,COM
582,sgmeat,15,Sheep and Goat Meat,475.0,7125.0,336.99508580659057,0.15183706870281063,14.79634666666667,67.58425052670658,11.131057623091753,0.16469898735790828,COM
583,other,15,"Meat, nes",,,,,,,,,COM
584,bvmeat,25,Beef and Buffalo Meat,751038.0,18775950.0,751038.0,0.7908547596673343,2.4039257520413355,415.98622551084725,5.561376411330028,0.01336913597199148,COL
585,bvmilk,0.7,"Milk, Total",7071404.0,4949982.8,7071404.0,0.20849637209576286,85.85449114433341,11.647614314303722,0.15571853951724077,0.01336913597199148,COL
586,sgmeat,15,Sheep and Goat Meat,1027.0,15405.0,1027.0,0.0006488682369028084,4.006542920068894,249.5917353065083,10.283273657876752,0.04120037726909705,COL
587,other,15,"Meat, nes",,,,,,,,,COL
588,bvmeat,25,Beef and Buffalo Meat,6706480.0,167662000.0,6706480.0,0.6196135484245712,2.755280158235179,362.9394989148846,1.74488339604152,0.0048076425995472166,CHN
589,bvmilk,0.7,"Milk, Total",38769118.0,27138382.599999998,38769118.0,0.10029290800115494,98.40286279411355,10.16230596961677,0.04885673508916257,0.0048076425995472166,CHN
590,sgmeat,15,Sheep and Goat Meat,5052724.0,75790860.0,5052724.0,0.2800935435742738,4.5921335970586314,217.7636993489308,1.19378176973835,0.005482005372371588,CHN
591,other,15,"Meat, nes",,,,,,,,,CHN
592,bvmeat,25,Beef and Buffalo Meat,6647.0,166175.0,6647.0,0.5922933255394529,1122.248,0.8910686407995381,0.08793460719895622,0.09868443705981422,HKG
593,bvmilk,0.7,"Milk, Total",60.0,42.0,60.0,0.0001496995316543224,40080.28571428571,0.024949921942387068,0.0024621690015707745,0.09868443705981422,HKG
594,sgmeat,15,Sheep and Goat Meat,81.0,1215.0,81.0,0.004330593594285755,1870.4133333333334,0.5346411844797229,0.08623059148936113,0.1612868480629209,HKG
595,other,15,"Meat, nes",7542.0,113130.0,7542.0,0.403226381334607,1870.4133333333332,0.534641184479723,,,HKG
596,bvmeat,25,Beef and Buffalo Meat,223350.0,5583750.0,223350.0,0.75457240471384,3.2323925215702722,309.36836826803676,9.32090862578839,0.030128835336238235,CHL
597,bvmilk,0.7,"Milk, Total",2283509.0,1598456.2999999998,2283509.0,0.2160109270868121,115.44259005608116,8.66231431150503,0.2609854415220749,0.030128835336238235,CHL
598,sgmeat,15,Sheep and Goat Meat,14512.0,217680.0,14512.0,0.029416668199347875,5.387320869283787,185.62102096082205,3.5308437176388496,0.019021788046215328,CHL
599,other,15,"Meat, nes",,,,,,,,,CHL
600,bvmeat,25,Beef and Buffalo Meat,472864.0,11821600.0,444000.49896727357,0.6975568122217788,1.4144622462222225,706.9824611231742,9.046348398809458,0.012795718276288831,TCD
601,bvmilk,0.7,"Milk, Total",395943.0,277160.1,371774.737689059,0.016354378073278525,50.5165087936508,19.795508911448877,0.2532977551666648,0.012795718276288831,TCD
602,sgmeat,15,Sheep and Goat Meat,323226.0,4848390.0,303496.3652957213,0.28608880970494266,2.3574370770370368,424.1894766739046,5.863209088678339,0.013822146496070851,TCD
603,other,15,"Meat, nes",,,,,,,,,TCD
604,bvmeat,25,Beef and Buffalo Meat,99158.0,2478950.0,99158.0,0.8405032406986727,3.94563745819398,253.44447141824475,2.319910220569509,0.009153524665926113,CAF
605,bvmilk,0.7,"Milk, Total",81470.0,57029.0,81470.0,0.01933603312442954,140.91562350692786,7.096445199710852,0.06495748617594624,0.009153524665926113,CAF
606,sgmeat,15,Sheep and Goat Meat,27559.0,413385.0,27559.0,0.1401607261768978,6.576062430323301,152.06668285094682,5.120120919817544,0.03367023481952453,CAF
607,other,15,"Meat, nes",,,,,,,,,CAF
608,bvmeat,25,Beef and Buffalo Meat,695.0,17375.0,569.7082277473771,0.4254042870958659,5.356864,186.6763837946978,38.55164993719778,0.20651594568917703,CPV
609,bvmilk,0.7,"Milk, Total",9655.0,6758.5,7914.435883310684,0.16547308629280058,191.31657142857136,5.22693874625154,1.0794461982415382,0.20651594568917703,CPV
610,sgmeat,15,Sheep and Goat Meat,1114.0,16710.0,913.1726125332059,0.40912262661133353,8.928106666666665,112.00583027681871,29.750786556323895,0.26561819579209234,CPV
611,other,15,"Meat, nes",,,,,,,,,CPV
612,bvmeat,25,Beef and Buffalo Meat,1381940.0,34548500.0,1034135.1430861579,0.835862362248771,6.6102853732555396,151.27939922925052,2.968823300063739,0.019624769236191577,CAN
613,bvmilk,0.7,"Milk, Total",9331117.0,6531781.899999999,6982673.642812771,0.15802916620483567,236.08162047341216,4.235823178419014,0.08312705240178468,0.019624769236191577,CAN
614,sgmeat,15,Sheep and Goat Meat,16832.0,252480.0,12595.744191807322,0.006108471546393323,11.017142288759233,90.76763953755031,1.0394404760539062,0.011451663625381518,CAN
615,other,15,"Meat, nes",,,,,,,,,CAN
616,bvmeat,25,Beef and Buffalo Meat,80779.0,2019475.0,21108.745061031677,0.7453618596696737,1.4160065200000012,706.2114375010076,15.138552024563044,0.021436288370140485,CMR
617,bvmilk,0.7,"Milk, Total",253291.0,177303.69999999998,66188.67707267699,0.06544048109449928,50.571661428571474,19.773920250028212,0.4238794566877652,0.021436288370140485,CMR
618,sgmeat,15,Sheep and Goat Meat,34174.0,512610.0,8930.170634888975,0.18919765923582688,2.360010866666668,423.72686250060457,8.548865553147325,0.020175415603100044,CMR
619,other,15,"Meat, nes",,,,,,,,,CMR
620,bvmeat,25,Beef and Buffalo Meat,61238.0,1530950.0,10775.855874416902,0.9890806708524688,0.7263213333333339,1376.801085286401,46.30373879511087,0.033631393299983346,KHM
621,bvmilk,0.7,"Milk, Total",24145.0,16901.5,4248.718770825241,0.010919329147531272,25.940047619047643,38.55043038801922,1.296504686263104,0.033631393299983346,KHM
622,sgmeat,15,Sheep and Goat Meat,,,,,,,,0.04853479317375691,KHM
623,other,15,"Meat, nes",,,,,,,,,KHM
624,bvmeat,25,Beef and Buffalo Meat,511724.0,12793100.0,511724.0,0.7790982976917477,136.83660583333332,7.307986002064373,0.10993988606158288,0.015043800854370392,MMR
625,bvmilk,0.7,"Milk, Total",2465861.0,1726102.7,2465861.0,0.10511945308104599,4887.021636904761,0.20462360805780244,0.0030783168097243204,0.015043800854370392,MMR
626,sgmeat,15,Sheep and Goat Meat,126746.0,1901190.0,126746.0,0.11578224922720637,228.06100972222222,4.384791601238623,0.21258278086051322,0.04848184365260654,MMR
627,other,15,"Meat, nes",,,,,,,,,MMR
628,bvmeat,25,Beef and Buffalo Meat,10514.0,262850.0,7062.873482025281,0.5531022333251829,2.643801739130434,378.2431886624401,19.52309697202163,0.05161519772784289,BDI
629,bvmilk,0.7,"Milk, Total",119348.0,83543.59999999999,80173.08582202333,0.17579665870278008,94.42149068322982,10.590809282548319,0.5466467152166055,0.05161519772784289,BDI
630,sgmeat,15,Sheep and Goat Meat,8589.0,128835.0,5769.737524930107,0.27110110797203707,4.406336231884057,226.94591319746402,12.585188201614203,0.05545457075785243,BDI
631,other,15,"Meat, nes",,,,,,,,,BDI
632,bvmeat,25,Beef and Buffalo Meat,108296.0,2707400.0,77085.63721378442,0.6886041982219697,1.8657461333333334,535.978599732325,7.578256214993627,0.014139102230533664,BFA
633,bvmilk,0.7,"Milk, Total",451788.0,316251.6,321584.9695791279,0.08043590878865889,66.63379047619048,15.007400792505102,0.21219117401982157,0.014139102230533664,BFA
634,sgmeat,15,Sheep and Goat Meat,60538.0,908070.0,43091.25273000001,0.23095989298937136,3.1095768888888893,321.5871598393951,3.654728542949719,0.011364659412319008,BFA
635,other,15,"Meat, nes",,,,,,,,,BFA
636,bvmeat,25,Beef and Buffalo Meat,17048.0,426200.0,2242.187982791936,0.3423939458451997,0.4664217948717956,2143.9821444769063,36.53513766748455,0.01704078448675629,BGR
637,bvmilk,0.7,"Milk, Total",1005450.0,703815.0,132238.8495599573,0.5654199788715139,16.65792124542127,60.031500045353376,1.0229838546895673,0.01704078448675629,BGR
638,sgmeat,15,Sheep and Goat Meat,7650.0,114750.0,1006.1437158821159,0.0921860752832864,0.7773696581196594,1286.3892866861436,33.1091517515081,0.025738049977701776,BGR
639,other,15,"Meat, nes",,,,,,,,,BGR
640,bvmeat,25,Beef and Buffalo Meat,2393.0,59825.0,2393.0,0.9822642401634015,71.65317647058824,13.956115405581134,0.9198651927864004,0.06591126298787561,BRN
641,bvmilk,0.7,"Milk, Total",236.0,165.2,236.0,0.0027124120764729447,2559.042016806723,0.3907712313562716,0.025756225398019205,0.06591126298787561,BRN
642,sgmeat,15,Sheep and Goat Meat,61.0,915.0,61.0,0.015023347760125573,119.42196078431371,8.373669243348681,0.7879365729796435,0.09409693051890151,BRN
643,other,15,"Meat, nes",,,,,,,,,BRN
644,bvmeat,25,Beef and Buffalo Meat,10100000.0,252500000.0,10100000.0,0.9005869153817657,6.46911447069283,154.5806623967348,0.6209325344955003,0.004016883644228816,BRA
645,bvmilk,0.7,"Milk, Total",36806788.0,25764751.599999998,36806788.0,0.09189464621394618,231.03980252474398,4.3282585471085735,0.017386110965874006,0.004016883644228816,BRA
646,sgmeat,15,Sheep and Goat Meat,140531.0,2107965.0,140531.0,0.007518438404288015,10.781857451154718,92.74839743804087,0.8719730730671549,0.00940148937505538,BRA
647,other,15,"Meat, nes",,,,,,,,,BRA
648,bvmeat,25,Beef and Buffalo Meat,28277.0,706925.0,23451.515099313958,0.7149514742204837,0.12813104687500002,7804.509713992766,133.92226222586706,0.017159599658868617,BWA
649,bvmilk,0.7,"Milk, Total",280112.0,196078.4,232310.7400890841,0.1983046874036053,4.576108816964286,218.52627199179744,3.749823342324278,0.017159599658868617,BWA
650,sgmeat,15,Sheep and Goat Meat,5718.0,85770.0,4742.220296986145,0.086743838375911,0.2135517447916667,4682.705828395659,143.21279977573818,0.0305833432686085,BWA
651,other,15,"Meat, nes",,,,,,,,,BWA
652,bvmeat,25,Beef and Buffalo Meat,14465.0,361625.0,0.0,0.4372594241875288,,,,0.0148099586000134,BIH
653,bvmilk,0.7,"Milk, Total",645016.0,451511.19999999995,0.0,0.5459454609781407,,,,0.0148099586000134,BIH
654,sgmeat,15,Sheep and Goat Meat,926.0,13890.0,0.0,0.01679511483433052,,,,0.015431252760654534,BIH
655,other,15,"Meat, nes",,,,,,,,,BIH
656,bvmeat,25,Beef and Buffalo Meat,276447.0,6911175.0,276447.0,0.876819962742629,0.9554050060606062,1046.6765336757771,12.458516134904597,0.011902928683374685,BOL
657,bvmilk,0.7,"Milk, Total",602309.0,421616.3,602309.0,0.053490410596994734,34.12160735930736,29.306942942921758,0.3488384517773287,0.011902928683374685,BOL
658,sgmeat,15,Sheep and Goat Meat,36620.0,549300.0,36620.0,0.06968962666037629,1.5923416767676768,628.0059202054663,15.836948819831317,0.02521783363865408,BOL
659,other,15,"Meat, nes",,,,,,,,,BOL
660,bvmeat,25,Beef and Buffalo Meat,3908.0,97700.0,2793.216009461986,0.43021036714513805,1.5720762227602907,636.1014723854643,35.95192579886838,0.05651916771084325,BTN
661,bvmilk,0.7,"Milk, Total",179776.0,125843.2,128493.65437999947,0.554135611819028,56.145579384296084,17.810841226793002,1.0066539223683149,0.05651916771084325,BTN
662,sgmeat,15,Sheep and Goat Meat,237.0,3555.0,169.3941131633804,0.015654021035833837,2.620127037933818,381.66088343127853,42.662963478670186,0.11178238412884677,BTN
663,other,15,"Meat, nes",,,,,,,,,BTN
664,bvmeat,25,Beef and Buffalo Meat,44064.0,1101600.0,0.0,0.8124962753211779,,,,0.02246521043807715,BEN
665,bvmilk,0.7,"Milk, Total",156388.0,109471.59999999999,0.0,0.08074189111605833,,,,0.02246521043807715,BEN
666,sgmeat,15,Sheep and Goat Meat,9650.0,144750.0,0.0,0.10676183356276371,,,,0.025015287008527263,BEN
667,other,15,"Meat, nes",,,,,,,,,BEN
668,bvmeat,25,Beef and Buffalo Meat,1578.0,39450.0,786.2956153717511,0.9163677921691784,1.7161136000000017,582.7120069440618,36.62386285841693,0.06285070913586423,BLZ
669,bvmilk,0.7,"Milk, Total",4522.0,3165.3999999999996,2253.250172820696,0.0735277720996785,61.289771428571505,16.31593619443373,1.0254681600356736,0.06285070913586423,BLZ
670,sgmeat,15,Sheep and Goat Meat,29.0,435.0,14.450299648783766,0.010104435731143032,2.8601893333333366,349.627204166437,17.35754140598103,0.04964585478227868,BLZ
671,other,15,"Meat, nes",,,,,,,,,BLZ
672,bvmeat,25,Beef and Buffalo Meat,254510.0,6362750.0,254510.0,0.6660403429253331,80.25805302537685,12.459808857857656,0.3121288615058813,0.025050854717489534,BEL
673,bvmilk,0.7,"Milk, Total",4494000.0,3145800.0,4494000.0,0.3292962493850164,2866.3590366206017,0.3488746480200144,0.008739608122164679,0.025050854717489534,BEL
674,sgmeat,15,Sheep and Goat Meat,2970.0,44550.0,2970.0,0.00466340768965048,133.76342170896143,7.475885314714594,0.3123275662485181,0.041778003955434115,BEL
675,other,15,"Meat, nes",,,,,,,,,BEL
676,bvmeat,25,Beef and Buffalo Meat,340500.0,8512500.0,177313.22496475425,0.6095068024897234,11.539572661642206,86.6583217005966,0.689301083676148,0.007954239940829623,BLR
677,bvmilk,0.7,"Milk, Total",7765300.0,5435710.0,4043730.9421991375,0.3892043725534701,412.1275950586503,2.4264330076167044,0.019300430342932138,0.007954239940829623,BLR
678,sgmeat,15,Sheep and Goat Meat,1200.0,18000.0,624.8924227832749,0.0012888249568064635,19.232621102737014,51.99499302035795,0.859179242516862,0.0165242688306634,BLR
679,other,15,"Meat, nes",,,,,,,,,BLR
680,bvmeat,25,Beef and Buffalo Meat,146.0,3650.0,146.0,0.38968248884333695,18.7332,53.38116285525163,6.753872811481771,0.12652165015205033,BRB
681,bvmilk,0.7,"Milk, Total",5338.0,3736.6,5338.0,0.3989281062498665,669.0428571428572,1.4946725599470458,0.1891084387214896,0.12652165015205033,BRB
682,sgmeat,15,Sheep and Goat Meat,132.0,1980.0,132.0,0.21138940490679647,31.221999999999998,32.02869771315098,3.330201143202734,0.10397554009307576,BRB
683,other,15,"Meat, nes",,,,,,,,,BRB
684,bvmeat,25,Beef and Buffalo Meat,200442.0,5011050.0,0.0,0.4529205450708343,,,,0.013607657726770537,BGD
685,bvmilk,0.7,"Milk, Total",3578373.0,2504861.0999999996,0.0,0.22640026635909227,,,,0.013607657726770537,BGD
686,sgmeat,15,Sheep and Goat Meat,236530.0,3547950.0,0.0,0.32067918857007344,,,,0.02565556244637628,BGD
687,other,15,"Meat, nes",,,,,,,,,BGD
688,bvmeat,25,Beef and Buffalo Meat,853.0,21325.0,812.1678751096341,0.0437715227091586,463.86773000000005,2.1557869524573308,0.7942132116213074,0.36840987961078553,BHR
689,bvmilk,0.7,"Milk, Total",11777.0,8243.9,11213.248610980258,0.01692136253514807,16566.70464285714,0.06036203466880527,0.022237969925396613,0.36840987961078553,BHR
690,sgmeat,15,Sheep and Goat Meat,30508.0,457620.0,29047.617272971533,0.9393071147556933,773.1128833333335,1.2934721714743984,0.3778913581540319,0.292152677489213,BHR
691,other,15,"Meat, nes",,,,,,,,,BHR
692,bvmeat,25,Beef and Buffalo Meat,19.0,475.0,19.0,0.11791867335286232,8.0564,124.12491931880244,3.487118642752344,0.028093622633469983,BHS
693,bvmilk,0.7,"Milk, Total",2826.0,1978.1999999999998,2826.0,0.49108783079290996,287.72857142857146,3.475497740926468,0.09763932199706561,0.028093622633469983,BHS
694,sgmeat,15,Sheep and Goat Meat,105.0,1575.0,105.0,0.3909934958542277,13.427333333333332,74.47495159128148,2.3264741218574083,0.03123834352555337,BHS
695,other,15,"Meat, nes",,,,,,,,,BHS
696,bvmeat,25,Beef and Buffalo Meat,143082.0,3577050.0,86510.1209231963,0.5573753060418234,6.405687990094922,156.11125636251626,3.414688054364206,0.021873426259761394,AZE
697,bvmilk,0.7,"Milk, Total",2192498.0,1534748.5999999999,1325626.333877539,0.23914425871102163,228.77457107481868,4.371115178150455,0.09561126552219777,0.021873426259761394,AZE
698,sgmeat,15,Sheep and Goat Meat,87058.0,1305870.0,52636.93621372097,0.20348043524715503,10.676146650158204,93.66675381750976,1.7266090263444152,0.018433531172739846,AZE
699,other,15,"Meat, nes",,,,,,,,,AZE
700,bvmeat,25,Beef and Buffalo Meat,218360.0,5459000.0,193880.32455195786,0.6605974153082409,24.255971635894806,41.2269611381045,1.053799119422071,0.025560921550632675,AUT
701,bvmilk,0.7,"Milk, Total",3852260.0,2696582.0,3420394.8482255233,0.32631527740735056,866.2847012819575,1.1543549118669254,0.029506375343817975,0.025560921550632675,AUT
702,sgmeat,15,Sheep and Goat Meat,7210.0,108150.0,6401.708829545779,0.013087307284408546,40.42661939315801,24.736176682862695,0.3967819941237489,0.016040554658499056,AUT
703,other,15,"Meat, nes",,,,,,,,,AUT
704,bvmeat,25,Beef and Buffalo Meat,2371600.0,59290000.0,2125970.2169719147,0.7780755144005649,0.8412934105961284,1188.645943739669,8.668708327804701,0.007292927194561879,AUS
705,bvmilk,0.7,"Milk, Total",8797000.0,6157900.0,7885882.947673273,0.08081145572823813,30.046193235576016,33.282086424710734,0.24272383317853166,0.007292927194561879,AUS
706,sgmeat,15,Sheep and Goat Meat,716862.0,10752930.0,642615.6441553892,0.14111302987119695,1.4021556843268808,713.1875662438014,7.357008491521624,0.010315671276028176,AUS
707,other,15,"Meat, nes",,,,,,,,,AUS
708,bvmeat,25,Beef and Buffalo Meat,68300.0,1707500.0,54559.76413043244,0.734397546703598,6.338896416382252,157.75616673836137,5.9374261880734,0.03763672958611261,ARM
709,bvmilk,0.7,"Milk, Total",654300.0,458010.0,522671.35681613395,0.19699058293746116,226.3891577279376,4.417172668674119,0.1662479332660552,0.03763672958611261,ARM
710,sgmeat,15,Sheep and Goat Meat,10635.0,159525.0,8495.506464526341,0.06861187035894083,10.56482736063709,94.65370004301681,6.5295183239984445,0.06898323384116,ARM
711,other,15,"Meat, nes",,,,,,,,,ARM
712,bvmeat,25,Beef and Buffalo Meat,3168472.0,79211800.0,2616063.584717174,0.9004498971062995,3.8902599134987472,257.05223358730274,1.7164008261306651,0.006677245329392259,ARG
713,bvmilk,0.7,"Milk, Total",11113188.0,7779231.6,9175655.153940411,0.08843137378251818,138.93785405352668,7.1974625404444765,0.04805922313165863,0.006677245329392259,ARG
714,sgmeat,15,Sheep and Goat Meat,65207.0,978105.0,53838.46162082315,0.011118729111182387,6.483766522497912,154.23134015238162,1.0994183717392698,0.007128372032902243,ARG
715,other,15,"Meat, nes",,,,,,,,,ARG
716,bvmeat,25,Beef and Buffalo Meat,66.0,1650.0,59.58233074019873,0.4236309019487021,3.5161700000000007,284.40035606924573,24.49551307240206,0.08613038819978797,ATG
717,bvmilk,0.7,"Milk, Total",3057.0,2139.9,2759.7452283755683,0.5494107679272895,125.57750000000001,7.963209969938882,0.6858743660272578,0.08613038819978797,ATG
718,sgmeat,15,Sheep and Goat Meat,7.0,105.0,6.319338108808956,0.026958330124008317,5.860283333333334,170.64021364154746,21.210094954957672,0.12429716596295588,ATG
719,other,15,"Meat, nes",,,,,,,,,ATG
720,bvmeat,25,Beef and Buffalo Meat,104876.0,2621900.0,71101.14452883015,0.8284650727827374,0.21345224065461246,4684.88874575977,83.83057982694775,0.017893825099437353,AGO
721,bvmilk,0.7,"Milk, Total",219669.0,153768.3,148925.5627360272,0.04858753798816804,7.6232943090933025,131.17688488127357,2.347256235154537,0.017893825099437353,AGO
722,sgmeat,15,Sheep and Goat Meat,25940.0,389100.0,17586.136857601872,0.1229473892290946,0.3557537344243541,2810.9332474558623,36.70495982904453,0.013057926531078495,AGO
723,other,15,"Meat, nes",,,,,,,,,AGO
724,bvmeat,25,Beef and Buffalo Meat,144434.0,3610850.0,49652.11375845033,0.3201332987233376,0.472766823647753,2115.207645672437,52.824009438078626,0.02497343915437936,DZA
725,bvmilk,0.7,"Milk, Total",3354704.0,2348292.8,1153247.4668978797,0.20819660756671224,16.88452941599118,59.22581407882824,1.4790722642662015,0.02497343915437936,DZA
726,sgmeat,15,Sheep and Goat Meat,354671.0,5320065.0,121925.34194734853,0.47167009370995006,0.7879447060795883,1269.1245874034626,17.12418361328753,0.013492909824024745,DZA
727,other,15,"Meat, nes",,,,,,,,,DZA
728,bvmeat,25,Beef and Buffalo Meat,32870.0,821750.0,19873.886184457962,0.4294869905293872,9.680658242677826,103.29876077965788,6.186395840753935,0.0598883838882624,ALB
729,bvmilk,0.7,"Milk, Total",1052206.0,736544.2,636185.6491208936,0.38495424624262253,345.73779438135085,2.8923653018304214,0.1732190835411102,0.0598883838882624,ALB
730,sgmeat,15,Sheep and Goat Meat,23669.0,355035.0,14310.770066928368,0.18555876322799025,16.13443040446304,61.97925646779475,5.390014820771193,0.08696481900475714,ALB
731,other,15,"Meat, nes",,,,,,,,,ALB
732,bvmeat,25,Beef and Buffalo Meat,116008.0,2900200.0,102887.05598582467,0.4294307130528043,0.7917170748793867,1263.07747013331,26.77494775973665,0.021198183320387087,AFG
733,bvmilk,0.7,"Milk, Total",2137132.0,1495992.4,1895414.2794729453,0.22151061411405282,28.27560981712095,35.36616916373267,0.749698537272626,0.021198183320387087,AFG
734,sgmeat,15,Sheep and Goat Meat,157160.0,2357400.0,139384.60898155477,0.34905867283314285,1.3195284581323112,757.8464820799858,9.783520088438243,0.01290963317740341,AFG
735,other,15,"Meat, nes",,,,,,,,,AFG
